game,ordinal,display_name,source
fh4,247,Toyota 1969 2000GT,addidotlol/FH4-Car-ID-List
fh4,249,Ferrari 1962 250 GTO,addidotlol/FH4-Car-ID-List
fh4,251,Mercedes-Benz 1954 300 SL Coupe,addidotlol/FH4-Car-ID-List
fh4,253,Ferrari 1994 F355 Berlinetta,addidotlol/FH4-Car-ID-List
fh4,255,Ferrari 1992 512 TR,addidotlol/FH4-Car-ID-List
fh4,257,Ferrari 2002 575M Maranello,addidotlol/FH4-Car-ID-List
fh4,260,Porsche 1973 911 Carrera RS,addidotlol/FH4-Car-ID-List
fh4,261,Porsche 1995 911 GT2,addidotlol/FH4-Car-ID-List
fh4,262,Porsche 2004 911 GT3,addidotlol/FH4-Car-ID-List
fh4,265,Porsche 1982 911 Turbo 3.3,addidotlol/FH4-Car-ID-List
fh4,266,Porsche 1970 914/6,addidotlol/FH4-Car-ID-List
fh4,268,Porsche 1989 944 Turbo,addidotlol/FH4-Car-ID-List
fh4,269,Porsche 1987 959,addidotlol/FH4-Car-ID-List
fh4,289,Chevrolet 1969 Camaro Super Sport Coupe,addidotlol/FH4-Car-ID-List
fh4,291,Vauxhall 1990 Lotus Carlton,addidotlol/FH4-Car-ID-List
fh4,292,Porsche 2003 Carrera GT,addidotlol/FH4-Car-ID-List
fh4,294,Koenigsegg 2002 CC8S,addidotlol/FH4-Car-ID-List
fh4,296,TVR 1998 Cerbera Speed 12,addidotlol/FH4-Car-ID-List
fh4,297,Ferrari 2003 360 Challenge Stradale,addidotlol/FH4-Car-ID-List
fh4,299,Chevrolet 1970 Chevelle Super Sport 454,addidotlol/FH4-Car-ID-List
fh4,302,Honda 2004 Civic Type-R,addidotlol/FH4-Car-ID-List
fh4,306,Shelby 1965 Cobra 427 S/C,addidotlol/FH4-Car-ID-List
fh4,309,Volkswagen 1995 Corrado VR6,addidotlol/FH4-Car-ID-List
fh4,312,Chevrolet 1967 Corvette Stingray 427,addidotlol/FH4-Car-ID-List
fh4,314,Chevrolet 2002 Corvette Z06,addidotlol/FH4-Car-ID-List
fh4,315,Chevrolet 1970 Corvette ZR-1,addidotlol/FH4-Car-ID-List
fh4,316,Lamborghini 1988 Countach LP5000 QV,addidotlol/FH4-Car-ID-List
fh4,320,Honda 1991 CR-X SiR,addidotlol/FH4-Car-ID-List
fh4,323,Lancia 1992 Delta HF Integrale Evo,addidotlol/FH4-Car-ID-List
fh4,324,Lamborghini 1999 Diablo GTR,addidotlol/FH4-Car-ID-List
fh4,325,Lamborghini 1997 Diablo SV,addidotlol/FH4-Car-ID-List
fh4,326,Ferrari 1969 Dino 246 GT,addidotlol/FH4-Car-ID-List
fh4,327,Mitsubishi 1995 Eclipse GSX,addidotlol/FH4-Car-ID-List
fh4,330,Lotus 1971 Elan Sprint,addidotlol/FH4-Car-ID-List
fh4,331,Lotus 2005 Elise 111S,addidotlol/FH4-Car-ID-List
fh4,333,Ferrari 2002 Enzo Ferrari,addidotlol/FH4-Car-ID-List
fh4,335,Lotus 2002 Esprit V8,addidotlol/FH4-Car-ID-List
fh4,336,Jaguar 1961 E-Type S1,addidotlol/FH4-Car-ID-List
fh4,338,McLaren 1997 F1 GT,addidotlol/FH4-Car-ID-List
fh4,340,Ferrari 1987 F40,addidotlol/FH4-Car-ID-List
fh4,342,Ferrari 1995 F50,addidotlol/FH4-Car-ID-List
fh4,343,Nissan 1969 Fairlady Z 432,addidotlol/FH4-Car-ID-List
fh4,344,Nissan 2003 Fairlady Z,addidotlol/FH4-Car-ID-List
fh4,345,Nissan 1994 Fairlady Z Version S Twin Turbo,addidotlol/FH4-Car-ID-List
fh4,348,Ford 2005 GT,addidotlol/FH4-Car-ID-List
fh4,353,Volkswagen 1992 Golf GTI 16V MK2,addidotlol/FH4-Car-ID-List
fh4,354,Volkswagen 2003 Golf R32,addidotlol/FH4-Car-ID-List
fh4,357,Mitsubishi 1997 GTO,addidotlol/FH4-Car-ID-List
fh4,358,Ferrari 1984 288 GTO,addidotlol/FH4-Car-ID-List
fh4,363,Subaru 1998 Impreza 22B STI,addidotlol/FH4-Car-ID-List
fh4,364,Subaru 2004 Impreza WRX STI,addidotlol/FH4-Car-ID-List
fh4,365,Subaru 2005 Impreza WRX STI,addidotlol/FH4-Car-ID-List
fh4,368,Acura 2001 Integra Type-R,addidotlol/FH4-Car-ID-List
fh4,374,Mitsubishi 2006 Lancer Evolution IX MR,addidotlol/FH4-Car-ID-List
fh4,375,Mitsubishi 1999 Lancer Evolution VI GSR,addidotlol/FH4-Car-ID-List
fh4,378,Mitsubishi 2004 Lancer Evolution VIII MR,addidotlol/FH4-Car-ID-List
fh4,382,BMW 1997 M3,addidotlol/FH4-Car-ID-List
fh4,383,BMW 2005 M3,addidotlol/FH4-Car-ID-List
fh4,391,Maserati 2004 MC12,addidotlol/FH4-Car-ID-List
fh4,397,Vauxhall 2005 Monaro VRX,addidotlol/FH4-Car-ID-List
fh4,398,Toyota 1995 MR2 GT,addidotlol/FH4-Car-ID-List
fh4,405,Ford 2000 SVT Cobra R,addidotlol/FH4-Car-ID-List
fh4,411,Honda 2005 NSX-R,addidotlol/FH4-Car-ID-List
fh4,412,Honda 1992 NSX-R,addidotlol/FH4-Car-ID-List
fh4,417,Buick 1987 Regal GNX,addidotlol/FH4-Car-ID-List
fh4,419,Audi 2006 RS 4,addidotlol/FH4-Car-ID-List
fh4,420,Audi 2003 RS 6,addidotlol/FH4-Car-ID-List
fh4,422,Acura 2002 RSX Type-S,addidotlol/FH4-Car-ID-List
fh4,423,Mazda 1990 Savanna RX-7,addidotlol/FH4-Car-ID-List
fh4,424,Mazda 1997 RX-7,addidotlol/FH4-Car-ID-List
fh4,425,Mazda 2002 RX-7 Spirit R Type-A,addidotlol/FH4-Car-ID-List
fh4,427,Honda 2003 S2000,addidotlol/FH4-Car-ID-List
fh4,432,Saleen 2004 S7,addidotlol/FH4-Car-ID-List
fh4,433,TVR 2005 Sagaris,addidotlol/FH4-Car-ID-List
fh4,439,Nissan 1992 Silvia Club K's,addidotlol/FH4-Car-ID-List
fh4,440,Nissan 1994 Silvia K's,addidotlol/FH4-Car-ID-List
fh4,441,Nissan 2000 Silvia Spec-R,addidotlol/FH4-Car-ID-List
fh4,444,Nissan 1993 Skyline GT-R V-Spec,addidotlol/FH4-Car-ID-List
fh4,445,Nissan 2002 Skyline GT-R V-Spec II,addidotlol/FH4-Car-ID-List
fh4,453,Renault 2003 Sport Clio V6,addidotlol/FH4-Car-ID-List
fh4,455,Toyota 1985 Sprinter Trueno GT Apex,addidotlol/FH4-Car-ID-List
fh4,458,Lancia 1974 Stratos HF Stradale,addidotlol/FH4-Car-ID-List
fh4,460,Toyota 1992 Supra 2.0 GT Twin Turbo,addidotlol/FH4-Car-ID-List
fh4,461,Toyota 1998 Supra RZ,addidotlol/FH4-Car-ID-List
fh4,477,TVR 2001 Tuscan S,addidotlol/FH4-Car-ID-List
fh4,483,Dodge 1999 Viper GTS ACR,addidotlol/FH4-Car-ID-List
fh4,487,Vauxhall 2004 VX220 Turbo,addidotlol/FH4-Car-ID-List
fh4,489,Jaguar 1993 XJ220,addidotlol/FH4-Car-ID-List
fh4,513,Dodge 1969 Charger R/T,addidotlol/FH4-Car-ID-List
fh4,565,BMW 2002 M3-GTR,addidotlol/FH4-Car-ID-List
fh4,567,Nissan 1998 R390,addidotlol/FH4-Car-ID-List
fh4,568,Mercedes-Benz 1998 AMG CLK GTR,addidotlol/FH4-Car-ID-List
fh4,569,Honda 2005 NSX-R GT,addidotlol/FH4-Car-ID-List
fh4,625,Honda 2007 Civic Type-R,addidotlol/FH4-Car-ID-List
fh4,633,Audi 1983 Sport Quattro,addidotlol/FH4-Car-ID-List
fh4,634,Renault 1980 5 Turbo,addidotlol/FH4-Car-ID-List
fh4,635,Renault 2007 Clio RS 197,addidotlol/FH4-Car-ID-List
fh4,637,Lamborghini 1967 Miura P400,addidotlol/FH4-Car-ID-List
fh4,639,Dodge 1970 Challenger R/T,addidotlol/FH4-Car-ID-List
fh4,641,Porsche 1998 911 GT1 Strassenversion,addidotlol/FH4-Car-ID-List
fh4,642,BMW 1991 M3,addidotlol/FH4-Car-ID-List
fh4,1005,Pontiac 1973 Firebird Trans AM SD-455,addidotlol/FH4-Car-ID-List
fh4,1006,Ferrari 2005 FXX,addidotlol/FH4-Car-ID-List
fh4,1007,Koenigsegg 2008 CCGT,addidotlol/FH4-Car-ID-List
fh4,1009,Mitsubishi 2008 Lancer Evolution X GSR,addidotlol/FH4-Car-ID-List
fh4,1011,BMW 2008 M3,addidotlol/FH4-Car-ID-List
fh4,1020,Ferrari 1996 F50 GT,addidotlol/FH4-Car-ID-List
fh4,1022,Ferrari 2007 430 Scuderia,addidotlol/FH4-Car-ID-List
fh4,1023,Ferrari 1989 F40 Competizione,addidotlol/FH4-Car-ID-List
fh4,1032,Alfa Romeo 2008 8C Competizione,addidotlol/FH4-Car-ID-List
fh4,1034,Toyota 1994 Celica GT-Four ST205,addidotlol/FH4-Car-ID-List
fh4,1040,BMW 1981 M1,addidotlol/FH4-Car-ID-List
fh4,1041,Ford 1993 SVT Cobra R,addidotlol/FH4-Car-ID-List
fh4,1042,Nissan 1971 Skyline 2000GT-R,addidotlol/FH4-Car-ID-List
fh4,1043,Nissan 1997 Skyline GT-R V-Spec,addidotlol/FH4-Car-ID-List
fh4,1045,Pontiac 1987 Firebird Trans AM GTA,addidotlol/FH4-Car-ID-List
fh4,1046,Dodge 2008 Viper SRT10 ACR,addidotlol/FH4-Car-ID-List
fh4,1050,Mercedes-Benz 2009 SL 65 AMG Black Series,addidotlol/FH4-Car-ID-List
fh4,1059,BMW 2008 Z4 M Coupe,addidotlol/FH4-Car-ID-List
fh4,1060,Subaru 2008 Impreza WRX STI,addidotlol/FH4-Car-ID-List
fh4,1063,Dodge 1969 Charger Daytona Hemi,addidotlol/FH4-Car-ID-List
fh4,1064,Chevrolet 1979 Camaro Z28,addidotlol/FH4-Car-ID-List
fh4,1069,Chevrolet 2009 Corvette ZR1,addidotlol/FH4-Car-ID-List
fh4,1071,Lexus 2009 IS F,addidotlol/FH4-Car-ID-List
fh4,1081,James Bond 2008 Aston Martin DBS,addidotlol/FH4-Car-ID-List
fh4,1086,Ford 2009 Focus RS,addidotlol/FH4-Car-ID-List
fh4,1093,Chevrolet 1960 Corvette,addidotlol/FH4-Car-ID-List
fh4,1094,Volkswagen 2008 Touareg R50,addidotlol/FH4-Car-ID-List
fh4,1098,Mini 2009 John Cooper Works,addidotlol/FH4-Car-ID-List
fh4,1101,Vauxhall 2009 Corsa VXR,addidotlol/FH4-Car-ID-List
fh4,1103,Nissan 2010 370Z,addidotlol/FH4-Car-ID-List
fh4,1104,Audi 2009 RS 6,addidotlol/FH4-Car-ID-List
fh4,1105,Aston Martin 1964 DB5,addidotlol/FH4-Car-ID-List
fh4,1108,Ford 1985 RS200 Evolution,addidotlol/FH4-Car-ID-List
fh4,1110,Mazda 1994 MX-5 Miata,addidotlol/FH4-Car-ID-List
fh4,1124,Abarth 1980 Fiat 131,addidotlol/FH4-Car-ID-List
fh4,1125,Lamborghini 2008 Reventon,addidotlol/FH4-Car-ID-List
fh4,1126,BMW 2009 M5,addidotlol/FH4-Car-ID-List
fh4,1130,McLaren 2011 12c Coupe,addidotlol/FH4-Car-ID-List
fh4,1131,Ferrari 2009 458 Italia,addidotlol/FH4-Car-ID-List
fh4,1150,Alfa Romeo 1965 Giulia Sprint GTA Stradale,addidotlol/FH4-Car-ID-List
fh4,1154,Ferrari 1957 250 Testa Rossa,addidotlol/FH4-Car-ID-List
fh4,1155,Shelby 1965 Cobra Daytona Coupe,addidotlol/FH4-Car-ID-List
fh4,1171,Ferrari 2010 599XX,addidotlol/FH4-Car-ID-List
fh4,1173,Lamborghini 2010 Murcielago LP 670-4 SV,addidotlol/FH4-Car-ID-List
fh4,1175,Pagani 2010 Zonda R,addidotlol/FH4-Car-ID-List
fh4,1181,Aston Martin 2010 One-77,addidotlol/FH4-Car-ID-List
fh4,1187,Lotus 2009 2-Eleven,addidotlol/FH4-Car-ID-List
fh4,1190,Vauxhall 2010 Insignia VXR,addidotlol/FH4-Car-ID-List
fh4,1197,Saleen 2010 S5S Raptor,addidotlol/FH4-Car-ID-List
fh4,1202,Mercedes-Benz 2011 SLS AMG,addidotlol/FH4-Car-ID-List
fh4,1204,Renault 2010 Megane R.S. 250,addidotlol/FH4-Car-ID-List
fh4,1215,Playground Null Car,addidotlol/FH4-Car-ID-List
fh4,1216,Audi 2011 RS 3 Sportback,addidotlol/FH4-Car-ID-List
fh4,1218,BMW 2011 Z4 SDrive35IS,addidotlol/FH4-Car-ID-List
fh4,1219,Bugatti 1992 EB110 Super Sport,addidotlol/FH4-Car-ID-List
fh4,1220,Audi 2010 TT RS Coupe,addidotlol/FH4-Car-ID-List
fh4,1231,Volkswagen 2010 Golf R,addidotlol/FH4-Car-ID-List
fh4,1245,Morgan 2010 Aero Supersports,addidotlol/FH4-Car-ID-List
fh4,1246,Mosler 2010 MT900S,addidotlol/FH4-Car-ID-List
fh4,1248,Rossion 2010 Q1,addidotlol/FH4-Car-ID-List
fh4,1253,Noble 2010 M600,addidotlol/FH4-Car-ID-List
fh4,1260,Lexus 2010 LFA,addidotlol/FH4-Car-ID-List
fh4,1264,Renault 2010 Clio R.S.,addidotlol/FH4-Car-ID-List
fh4,1267,AMC 1971 Javelin AMX,addidotlol/FH4-Car-ID-List
fh4,1268,BMW 2002 Z3 M Coupe,addidotlol/FH4-Car-ID-List
fh4,1269,BMW 1973 2002 Turbo,addidotlol/FH4-Car-ID-List
fh4,1271,Ferrari 1957 250 California,addidotlol/FH4-Car-ID-List
fh4,1272,Ford 1992 Escort RS Cosworth,addidotlol/FH4-Car-ID-List
fh4,1273,Honda 1997 Civic Type R,addidotlol/FH4-Car-ID-List
fh4,1275,Koenigsegg 2007 CCX,addidotlol/FH4-Car-ID-List
fh4,1276,Pontiac 1977 Firebird Trans AM,addidotlol/FH4-Car-ID-List
fh4,1277,Plymouth 1971 Cuda 426 Hemi,addidotlol/FH4-Car-ID-List
fh4,1278,Ford 1973 XB Falcon GT,addidotlol/FH4-Car-ID-List
fh4,1280,Mercury 1970 Cougar Eliminator,addidotlol/FH4-Car-ID-List
fh4,1281,Porsche 1955 550A Spyder,addidotlol/FH4-Car-ID-List
fh4,1282,Nissan 1993 240SX SE,addidotlol/FH4-Car-ID-List
fh4,1285,Pontiac 1965 GTO,addidotlol/FH4-Car-ID-List
fh4,1291,Chevrolet 1970 El Caamino Super Sport 454,addidotlol/FH4-Car-ID-List
fh4,1293,Ford 1987 Sierra Cosworth RS500,addidotlol/FH4-Car-ID-List
fh4,1295,Lancia 1982 037 Stradale,addidotlol/FH4-Car-ID-List
fh4,1296,Mercedes-Benz 1990 190E 1.5-16 Evolution II,addidotlol/FH4-Car-ID-List
fh4,1297,Mitsubishi 1988 Starion ESI-R,addidotlol/FH4-Car-ID-List
fh4,1299,Volvo 1983 242 Turbo Evolution,addidotlol/FH4-Car-ID-List
fh4,1300,Chevrolet 1964 Impala Super Sport 409,addidotlol/FH4-Car-ID-List
fh4,1301,Jaguar 1956 D-Type,addidotlol/FH4-Car-ID-List
fh4,1302,Ford 1977 Escort RS1800,addidotlol/FH4-Car-ID-List
fh4,1304,Maserati 2010 Gran Turismo S,addidotlol/FH4-Car-ID-List
fh4,1309,Pontiac 1969 GTO Judge,addidotlol/FH4-Car-ID-List
fh4,1314,McLaren 1993 F1,addidotlol/FH4-Car-ID-List
fh4,1318,Ferrari 1968 365 GTB/4,addidotlol/FH4-Car-ID-List
fh4,1319,Ferrari 2010 599 GTO,addidotlol/FH4-Car-ID-List
fh4,1320,Ford 1971 Mustang Mach 1,addidotlol/FH4-Car-ID-List
fh4,1322,Lamborghini 2011 Gallardo LP 570-4 Superleggera,addidotlol/FH4-Car-ID-List
fh4,1323,Subaru 2011 WRX STI,addidotlol/FH4-Car-ID-List
fh4,1328,Bugatti 2011 Veyron Super Sport,addidotlol/FH4-Car-ID-List
fh4,1329,Buick 1970 GSX,addidotlol/FH4-Car-ID-List
fh4,1330,Chevrolet 1970 Camaro Z28,addidotlol/FH4-Car-ID-List
fh4,1332,Dodge 1968 Dart Hemi Super Stock,addidotlol/FH4-Car-ID-List
fh4,1336,Oldsmobile 1969 Hurt/Olds 442,addidotlol/FH4-Car-ID-List
fh4,1345,Hummer 2006 H1 Alpha,addidotlol/FH4-Car-ID-List
fh4,1350,BMW 2011 X5 M,addidotlol/FH4-Car-ID-List
fh4,1354,Chevrolet 1966 Nova Super Sport,addidotlol/FH4-Car-ID-List
fh4,1355,Ford 1965 Mustang GT Coupe,addidotlol/FH4-Car-ID-List
fh4,1367,BMW 2003 M5,addidotlol/FH4-Car-ID-List
fh4,1368,BMW 1988 M5,addidotlol/FH4-Car-ID-List
fh4,1369,Pagani 2009 Zonda Cinque Roadster,addidotlol/FH4-Car-ID-List
fh4,1370,Audi 1995 RS 2 Avant,addidotlol/FH4-Car-ID-List
fh4,1372,Bentley 1931 8-Liter,addidotlol/FH4-Car-ID-List
fh4,1376,Lotus 1999 Elise Series 1 Sport 190,addidotlol/FH4-Car-ID-List
fh4,1379,Chevrolet 1999 Impala SS,addidotlol/FH4-Car-ID-List
fh4,1380,Volkswagen 1981 Scirocco S,addidotlol/FH4-Car-ID-List
fh4,1381,Mitsubishi 1992 Galant VR-4,addidotlol/FH4-Car-ID-List
fh4,1382,Subaru 1990 Legacy RS,addidotlol/FH4-Car-ID-List
fh4,1383,Volkswagen 1998 GTI VR6 MK3,addidotlol/FH4-Car-ID-List
fh4,1385,BMW 2011 1 Series M Coupe,addidotlol/FH4-Car-ID-List
fh4,1386,Aston Martin 1958 DBR1,addidotlol/FH4-Car-ID-List
fh4,1387,Volvo 1997 850 R,addidotlol/FH4-Car-ID-List
fh4,1388,BMW 2012 M5,addidotlol/FH4-Car-ID-List
fh4,1389,Ferrari 2011 FF,addidotlol/FH4-Car-ID-List
fh4,1392,Lamborghini 2011 Sesto Elemento,addidotlol/FH4-Car-ID-List
fh4,1395,Toyota 1989 MR2 SC,addidotlol/FH4-Car-ID-List
fh4,1396,HSV 2011 GTS,addidotlol/FH4-Car-ID-List
fh4,1397,Koenigsegg 2011 Agera,addidotlol/FH4-Car-ID-List
fh4,1398,Lamborghini 2012 Aventador LP700-4,addidotlol/FH4-Car-ID-List
fh4,1417,Audi 2011 RS 5 Coupe,addidotlol/FH4-Car-ID-List
fh4,1418,BMW 1995 M5,addidotlol/FH4-Car-ID-List
fh4,1420,Chevrolet 1967 Chevelle Super Sport 396,addidotlol/FH4-Car-ID-List
fh4,1427,Pagani 2012 Huayra,addidotlol/FH4-Car-ID-List
fh4,1428,Volkswagen 2011 Scirocco R,addidotlol/FH4-Car-ID-List
fh4,1429,Chevrolet 1969 Nova Super Sport 396,addidotlol/FH4-Car-ID-List
fh4,1435,Volkswagen 1963 Beetle,addidotlol/FH4-Car-ID-List
fh4,1451,Ascari 2012 KZ1R,addidotlol/FH4-Car-ID-List
fh4,1459,Chevrolet 1957 Bel Air,addidotlol/FH4-Car-ID-List
fh4,1460,Ford 2011 F-150 SVT Raptor,addidotlol/FH4-Car-ID-List
fh4,1462,Maserati 1957 300 S,addidotlol/FH4-Car-ID-List
fh4,1477,Ford 2011 Transit SuperSportVan,addidotlol/FH4-Car-ID-List
fh4,1478,Audi 1986 #2 Audi Sport Quattro S1,addidotlol/FH4-Car-ID-List
fh4,1480,Mazda 1985 RX-7 GSL-SE,addidotlol/FH4-Car-ID-List
fh4,1481,Austin-Healey 1965 3000 MKIII,addidotlol/FH4-Car-ID-List
fh4,1482,AMC 1973 Gremlin X,addidotlol/FH4-Car-ID-List
fh4,1485,Jaguar 1954 XK120 SE,addidotlol/FH4-Car-ID-List
fh4,1486,Ford 1966 Lotus Cortina,addidotlol/FH4-Car-ID-List
fh4,1487,MG 1958 MGA Twin-Cam,addidotlol/FH4-Car-ID-List
fh4,1489,Triumph 1962 TR3B,addidotlol/FH4-Car-ID-List
fh4,1490,Vauxhall 2012 Astra VXR,addidotlol/FH4-Car-ID-List
fh4,1494,Bowler 2012 EXR S,addidotlol/FH4-Car-ID-List
fh4,1496,Jaguar 2012 XKR-S,addidotlol/FH4-Car-ID-List
fh4,1500,Mercedes-Benz 2012 C 63 AMG Coupe Black Series,addidotlol/FH4-Car-ID-List
fh4,1509,Cadillac 1959 Eldorado Biarritz Convertible,addidotlol/FH4-Car-ID-List
fh4,1512,Hudson 1952 Hornet,addidotlol/FH4-Car-ID-List
fh4,1517,Toyota 1992 Celica GT-Four ST185,addidotlol/FH4-Car-ID-List
fh4,1522,Jeep 2012 Wrangler Rubicorn,addidotlol/FH4-Car-ID-List
fh4,1523,Lotus 2012 Exige S,addidotlol/FH4-Car-ID-List
fh4,1524,Maserati 1961 Tipo 61 Birdcage,addidotlol/FH4-Car-ID-List
fh4,1525,Mercedes-Benz 2012 SLK 55 AMG,addidotlol/FH4-Car-ID-List
fh4,1529,Ford 1973 Capri RS3100,addidotlol/FH4-Car-ID-List
fh4,1530,Ford 1940 De Luxe Coupe,addidotlol/FH4-Car-ID-List
fh4,1531,GMC 1983 Vandura G-1500,addidotlol/FH4-Car-ID-List
fh4,1532,Hennessey 2012 Venom GT,addidotlol/FH4-Car-ID-List
fh4,1533,Holden 1977 Torana A9X,addidotlol/FH4-Car-ID-List
fh4,1534,Jaguar 1990 XJ-S,addidotlol/FH4-Car-ID-List
fh4,1536,Renault 1973 Alpine A110 1600S,addidotlol/FH4-Car-ID-List
fh4,1537,Toyota 1974 Corolla SR5,addidotlol/FH4-Car-ID-List
fh4,1539,Porsche 2012 911 GT2 RS,addidotlol/FH4-Car-ID-List
fh4,1542,Porsche 2012 Cayenne Turbo,addidotlol/FH4-Car-ID-List
fh4,1549,Alfa Romeo 1968 33 Stradale,addidotlol/FH4-Car-ID-List
fh4,1550,Aston Martin 1960 DB4 GT Zagato,addidotlol/FH4-Car-ID-List
fh4,1558,Lotus 1956 Eleven,addidotlol/FH4-Car-ID-List
fh4,1559,Mercedes-Benz 1955 300 SLR,addidotlol/FH4-Car-ID-List
fh4,1561,Volkswagen 1967 Karmann Ghia,addidotlol/FH4-Car-ID-List
fh4,1562,Dodge 2013 Viper GTS,addidotlol/FH4-Car-ID-List
fh4,1564,Chevrolet 1953 Corvette,addidotlol/FH4-Car-ID-List
fh4,1568,Honda 1974 Civic RS,addidotlol/FH4-Car-ID-List
fh4,1570,Ferrari 2012 F12Berlinetta,addidotlol/FH4-Car-ID-List
fh4,1572,"AMC 1970 Rebel ""The Machine""",addidotlol/FH4-Car-ID-List
fh4,1574,Austin-Healey 1958 Sprite MKI,addidotlol/FH4-Car-ID-List
fh4,1575,Chevrolet 1988 Monte Carlo Super Sport,addidotlol/FH4-Car-ID-List
fh4,1578,Ferrari 1962 250 GT Berlinetta Lusso,addidotlol/FH4-Car-ID-List
fh4,1580,Ford 1973 Escort RS1600,addidotlol/FH4-Car-ID-List
fh4,1581,Ford 1956 F-100,addidotlol/FH4-Car-ID-List
fh4,1583,Lamborghini 2012 Aventador J,addidotlol/FH4-Car-ID-List
fh4,1585,Lancia 1968 Fulvia Coupe Rallye 1.6 HF,addidotlol/FH4-Car-ID-List
fh4,1589,MG 1966 MGB GT,addidotlol/FH4-Car-ID-List
fh4,1591,Peugeot 1984 205 T16,addidotlol/FH4-Car-ID-List
fh4,1592,Toyota 1974 Celica GT,addidotlol/FH4-Car-ID-List
fh4,1593,Triumph 1970 TR6 PI,addidotlol/FH4-Car-ID-List
fh4,1598,BMW 2010 M3 GTS,addidotlol/FH4-Car-ID-List
fh4,1599,Ferrari 2012 599XX Evoluzione,addidotlol/FH4-Car-ID-List
fh4,1601,Lamborghini 2012 Gallardo LP570-4 Spyder Performante,addidotlol/FH4-Car-ID-List
fh4,1607,Audi 2013 RS 4 Avant,addidotlol/FH4-Car-ID-List
fh4,1613,Mercury 1949 Coupe,addidotlol/FH4-Car-ID-List
fh4,1615,Fiat 1969 Dino 2.4 Coupe,addidotlol/FH4-Car-ID-List
fh4,1619,Mercedes-Benz 1967 280 SL,addidotlol/FH4-Car-ID-List
fh4,1624,Hummer 2006 H1 Alpha Open Top,addidotlol/FH4-Car-ID-List
fh4,1625,Lamborghini 2014 Urus Concept,addidotlol/FH4-Car-ID-List
fh4,1626,Cadillac 2012 Escalade ESV,addidotlol/FH4-Car-ID-List
fh4,1627,Mercedes-Benz 2013 G 65 AMG,addidotlol/FH4-Car-ID-List
fh4,1636,Aston Martin 2012 Vanquish,addidotlol/FH4-Car-ID-List
fh4,1651,Ariel 2013 Atom 500 V8,addidotlol/FH4-Car-ID-List
fh4,1652,Caterham 2013 Superlight R500,addidotlol/FH4-Car-ID-List
fh4,1653,KTM 2013 X-BOW R,addidotlol/FH4-Car-ID-List
fh4,1654,Ford 2013 Shelby GT500,addidotlol/FH4-Car-ID-List
fh4,1655,Subaru 2013 BRZ,addidotlol/FH4-Car-ID-List
fh4,1658,Mercedes-Benz 2013 A 45 AMG,addidotlol/FH4-Car-ID-List
fh4,1661,Lancia 1986 Delta S4,addidotlol/FH4-Car-ID-List
fh4,1662,Mini 1965 Cooper S,addidotlol/FH4-Car-ID-List
fh4,1665,DS Automobiles 2011 DS3 Racing,addidotlol/FH4-Car-ID-List
fh4,1667,McLaren 2013 P1,addidotlol/FH4-Car-ID-List
fh4,1668,Ford 1969 Mustang Boss 302,addidotlol/FH4-Car-ID-List
fh4,2002,Nissan 2012 GT-R Black Edition,addidotlol/FH4-Car-ID-List
fh4,2003,Mini 2012 John Cooper Works GP,addidotlol/FH4-Car-ID-List
fh4,2004,Mazda 2013 MX-5,addidotlol/FH4-Car-ID-List
fh4,2005,Honda 2009 S2000 CR,addidotlol/FH4-Car-ID-List
fh4,2006,Chevrolet 1995 Corvette ZR-1,addidotlol/FH4-Car-ID-List
fh4,2007,Toyota 2013 GT86,addidotlol/FH4-Car-ID-List
fh4,2009,Audi 2013 RS 7 Sportback,addidotlol/FH4-Car-ID-List
fh4,2010,Audi 2013 R8 Coupe V10 Plus 5.2 FSI Quattro,addidotlol/FH4-Car-ID-List
fh4,2011,Ford 2014 Fiesta ST,addidotlol/FH4-Car-ID-List
fh4,2017,Abarth 1968 595 Esseesse,addidotlol/FH4-Car-ID-List
fh4,2018,BMW 2013 M6 Coupe,addidotlol/FH4-Car-ID-List
fh4,2019,Ford 2003 Focus RS,addidotlol/FH4-Car-ID-List
fh4,2021,Mercedes-Benz 2013 E 63 AMG,addidotlol/FH4-Car-ID-List
fh4,2022,Renault 2013 Clio R.S. 200 EDC,addidotlol/FH4-Car-ID-List
fh4,2034,Ferrari 2013 LaFerrari,addidotlol/FH4-Car-ID-List
fh4,2038,Alfa Romeo 2014 4C,addidotlol/FH4-Car-ID-List
fh4,2040,BAC 2014 Mono,addidotlol/FH4-Car-ID-List
fh4,2041,Bentley 2013 Continental GT Speed,addidotlol/FH4-Car-ID-List
fh4,2042,Lamborghini 2013 Veneno,addidotlol/FH4-Car-ID-List
fh4,2049,Willys 1945 MB Jeep,addidotlol/FH4-Car-ID-List
fh4,2051,Maserati 2014 Ghibli S Q4,addidotlol/FH4-Car-ID-List
fh4,2066,Bugatti 1926 Type 35 C,addidotlol/FH4-Car-ID-List
fh4,2068,Maserati 1939 8CTF,addidotlol/FH4-Car-ID-List
fh4,2069,Mercedes-Benz 1939 W154,addidotlol/FH4-Car-ID-List
fh4,2096,Auto Union 1939 Type D,addidotlol/FH4-Car-ID-List
fh4,2105,Donkervoort 2013 D8 GTO,addidotlol/FH4-Car-ID-List
fh4,2108,Jeep 2014 Grand Cherokee SRT,addidotlol/FH4-Car-ID-List
fh4,2119,Honda 1984 Civic CRX Mugen,addidotlol/FH4-Car-ID-List
fh4,2121,Honda 1994 Prelude SI,addidotlol/FH4-Car-ID-List
fh4,2122,Alfa Romeo 1934 P3,addidotlol/FH4-Car-ID-List
fh4,2128,Cadillac 2013 XTS Limousine,addidotlol/FH4-Car-ID-List
fh4,2131,HSV 2014 Gen-F GTS,addidotlol/FH4-Car-ID-List
fh4,2133,BMW 2016 I8,addidotlol/FH4-Car-ID-List
fh4,2135,Land Rover 1997 Defender 90,addidotlol/FH4-Car-ID-List
fh4,2141,Sunbeam 1967 Tiger,addidotlol/FH4-Car-ID-List
fh4,2142,Volkswagen 2014 Golf R,addidotlol/FH4-Car-ID-List
fh4,2145,Ford 2014 Ranger T6 Rally Raid,addidotlol/FH4-Car-ID-List
fh4,2146,Local Motors 2014 Rally Fighter,addidotlol/FH4-Car-ID-List
fh4,2147,MG 1986 Metro 6R4,addidotlol/FH4-Car-ID-List
fh4,2148,Mini 2013 X-Raid All4 Racing Countryman,addidotlol/FH4-Car-ID-List
fh4,2149,Renault 1993 Clio Williams,addidotlol/FH4-Car-ID-List
fh4,2151,Volkswagen 1963 Type 2 De Luxe,addidotlol/FH4-Car-ID-List
fh4,2154,BMW 2014 M4 Coupe,addidotlol/FH4-Car-ID-List
fh4,2158,Ford 1981 Fiesta XR2,addidotlol/FH4-Car-ID-List
fh4,2161,Alfa Romeo 1965 Giulia TZ2,addidotlol/FH4-Car-ID-List
fh4,2162,Jaguar 2015 F-Type R Coupe,addidotlol/FH4-Car-ID-List
fh4,2163,Honda 2015 Civic Type R,addidotlol/FH4-Car-ID-List
fh4,2164,Lamborghini 2014 Huracan LP 610-4,addidotlol/FH4-Car-ID-List
fh4,2165,Lotus 2011 Evora S,addidotlol/FH4-Car-ID-List
fh4,2166,Infiniti 2014 Q50 Eau Rouge,addidotlol/FH4-Car-ID-List
fh4,2168,Subaru 2015 WRX STI,addidotlol/FH4-Car-ID-List
fh4,2171,Mazda 2005 Mazdaspeed MX-5,addidotlol/FH4-Car-ID-List
fh4,2175,Lexus 2015 RC F,addidotlol/FH4-Car-ID-List
fh4,2176,Lamborghini 1986 LM 002,addidotlol/FH4-Car-ID-List
fh4,2177,Chevrolet 2015 Corvette Z06,addidotlol/FH4-Car-ID-List
fh4,2178,Audi 2001 RS 4 Avant,addidotlol/FH4-Car-ID-List
fh4,2179,Audi 2015 S1,addidotlol/FH4-Car-ID-List
fh4,2180,Audi 2015 RS 6 Avant,addidotlol/FH4-Car-ID-List
fh4,2181,Aston Martin 2013 V12 Vantage S,addidotlol/FH4-Car-ID-List
fh4,2182,Audi 2015 TTS Coupe,addidotlol/FH4-Car-ID-List
fh4,2183,Chevrolet 2015 Camaro Z/28,addidotlol/FH4-Car-ID-List
fh4,2184,Ferrari 2013 458 Speciale,addidotlol/FH4-Car-ID-List
fh4,2185,Jaguar 2015 XFR-S,addidotlol/FH4-Car-ID-List
fh4,2186,Ferrari 1953 500 Mondial,addidotlol/FH4-Car-ID-List
fh4,2187,Ford 1975 Bronco,addidotlol/FH4-Car-ID-List
fh4,2188,Koenigsegg 2015 One:1,addidotlol/FH4-Car-ID-List
fh4,2189,McLaren 2015 650S Coupe,addidotlol/FH4-Car-ID-List
fh4,2194,Ferrari 2014 California T,addidotlol/FH4-Car-ID-List
fh4,2195,Fiat 1980 124 Sport Spider,addidotlol/FH4-Car-ID-List
fh4,2203,Holden 1988 VL Commodore Group A SV,addidotlol/FH4-Car-ID-List
fh4,2207,Lamborghini 1972 Jarama S,addidotlol/FH4-Car-ID-List
fh4,2216,Plymouth 1958 Fury,addidotlol/FH4-Car-ID-List
fh4,2235,Jaguar 2015 XKR-S GT,addidotlol/FH4-Car-ID-List
fh4,2242,Mercedes-AMG 2015 GT S,addidotlol/FH4-Car-ID-List
fh4,2257,Volkswagen 2014 Global Rallycross Beetle,addidotlol/FH4-Car-ID-List
fh4,2258,Volkswagen 1970 #1107 Desert Dingo Racing Stock Beetle,addidotlol/FH4-Car-ID-List
fh4,2262,Cadillac 2016 ATS-V,addidotlol/FH4-Car-ID-List
fh4,2263,Dodge 2015 Challenger SRT Hellcat,addidotlol/FH4-Car-ID-List
fh4,2267,Mazda 2016 MX-5,addidotlol/FH4-Car-ID-List
fh4,2268,Ferrari 1963 250LM,addidotlol/FH4-Car-ID-List
fh4,2270,Nissan 1973 Skyline H/T 2000GT-R,addidotlol/FH4-Car-ID-List
fh4,2289,Porsche 2014 911 Turbo S,addidotlol/FH4-Car-ID-List
fh4,2290,Porsche 2014 918 Spyder,addidotlol/FH4-Car-ID-List
fh4,2293,Porsche 2015 Cayman GTS,addidotlol/FH4-Car-ID-List
fh4,2295,Porsche 2015 Macan Turbo,addidotlol/FH4-Car-ID-List
fh4,2297,Porsche 2012 911 GT3 RS 4.0,addidotlol/FH4-Car-ID-List
fh4,2299,Porsche 1957 356A Speedster,addidotlol/FH4-Car-ID-List
fh4,2352,Acura 2017 NSX,addidotlol/FH4-Car-ID-List
fh4,2357,Ford 2017 Focus RS,addidotlol/FH4-Car-ID-List
fh4,2363,Ford 2017 GT,addidotlol/FH4-Car-ID-List
fh4,2371,Ferrari 2014 FXX K,addidotlol/FH4-Car-ID-List
fh4,2372,Ford 1932 De Luxe Five-Window Coupe,addidotlol/FH4-Car-ID-List
fh4,2374,Volkswagen 1967 Type 3 1600 L,addidotlol/FH4-Car-ID-List
fh4,2393,Terradyne 2014 Gurkha Lapv,addidotlol/FH4-Car-ID-List
fh4,2397,Ford 2017 F-150 Raptor,addidotlol/FH4-Car-ID-List
fh4,2400,Ford 2016 Shelby GT350R,addidotlol/FH4-Car-ID-List
fh4,2405,Lotus 2000 340R,addidotlol/FH4-Car-ID-List
fh4,2412,BMW 1957 ISetta 300 Export,addidotlol/FH4-Car-ID-List
fh4,2416,Meyers 1971 Manx,addidotlol/FH4-Car-ID-List
fh4,2417,Holden 1973 HQ Monaro GTS 350,addidotlol/FH4-Car-ID-List
fh4,2420,Opel 1984 Manta 400,addidotlol/FH4-Car-ID-List
fh4,2421,Cadillac 2016 CTS-V Sedan,addidotlol/FH4-Car-ID-List
fh4,2422,HSV 2014 Limited Edition Gen-F GTS Maloo,addidotlol/FH4-Car-ID-List
fh4,2423,Lola 1#6 Penske Sunoco T70 MKIIIB,addidotlol/FH4-Car-ID-List
fh4,2424,Mercedes-Benz 2015 #24 Tankpool24 Racing Truck,addidotlol/FH4-Car-ID-List
fh4,2426,Mazda 2011 RX-8 R3,addidotlol/FH4-Car-ID-List
fh4,2427,Vauxhall 2016 Corsa VXR,addidotlol/FH4-Car-ID-List
fh4,2428,W Motors 2016 Lykan Hypersport,addidotlol/FH4-Car-ID-List
fh4,2430,Ariel 2016 Nomad,addidotlol/FH4-Car-ID-List
fh4,2431,BMW 2015 X6 M,addidotlol/FH4-Car-ID-List
fh4,2437,Infiniti 2015 Q60 Concept,addidotlol/FH4-Car-ID-List
fh4,2467,Ferrari 2015 488 GTB,addidotlol/FH4-Car-ID-List
fh4,2468,Dodge 2015 Charger SRT Hellcat,addidotlol/FH4-Car-ID-List
fh4,2470,Aston Martin 2016 Vulcan,addidotlol/FH4-Car-ID-List
fh4,2471,Mercedes-AMG 2016 C 63 A Coupe,addidotlol/FH4-Car-ID-List
fh4,2472,McLaren 2015 570S Coupe,addidotlol/FH4-Car-ID-List
fh4,2473,Audi 2016 R8 V10 Plus,addidotlol/FH4-Car-ID-List
fh4,2474,Zenvo 2016 ST1,addidotlol/FH4-Car-ID-List
fh4,2475,Spania GTA 2016 GTA Spano,addidotlol/FH4-Car-ID-List
fh4,2477,BMW 2016 M2 Coupe,addidotlol/FH4-Car-ID-List
fh4,2479,Lamborghini 2016 Aventador LP750-4 SV,addidotlol/FH4-Car-ID-List
fh4,2486,Radical 2015 RXC Turbo,addidotlol/FH4-Car-ID-List
fh4,2489,Abarth 2016 695 Biposto,addidotlol/FH4-Car-ID-List
fh4,2492,Jaguar 2016 F-Type Project 7,addidotlol/FH4-Car-ID-List
fh4,2493,Aston Martin 2016 Vantage GT12,addidotlol/FH4-Car-ID-List
fh4,2494,Land Rover 2015 Range Rover Sport SVR,addidotlol/FH4-Car-ID-List
fh4,2497,Opel 1963 Kadett A,addidotlol/FH4-Car-ID-List
fh4,2504,Ford 1946 Super Deluxe Station Wagon,addidotlol/FH4-Car-ID-List
fh4,2506,Maserati 1953 A6GCS/53 Pininfarina Berlinetta,addidotlol/FH4-Car-ID-List
fh4,2507,Chevrolet 1955 150 Utility Sedan,addidotlol/FH4-Car-ID-List
fh4,2510,Holden 1974 Sandman HQ Panel Van,addidotlol/FH4-Car-ID-List
fh4,2511,Jeep 1976 CJ5 Renegade,addidotlol/FH4-Car-ID-List
fh4,2512,Nissan 1987 Skyline GTS-R (R31),addidotlol/FH4-Car-ID-List
fh4,2515,Penhall 2011 The Cholla,addidotlol/FH4-Car-ID-List
fh4,2517,Ford 2014 #11 Rockstar F-150 Trophy Truck,addidotlol/FH4-Car-ID-List
fh4,2521,Polaris 2015 RZR XP 1000 EPS,addidotlol/FH4-Car-ID-List
fh4,2526,Koenigsegg 2016 Regera,addidotlol/FH4-Car-ID-List
fh4,2527,Aston Martin 2017 DB11,addidotlol/FH4-Car-ID-List
fh4,2528,Porsche 2016 911 GT3 RS,addidotlol/FH4-Car-ID-List
fh4,2529,Porsche 2016 Cayman GT4,addidotlol/FH4-Car-ID-List
fh4,2534,Porsche 1993 968 Turbo S,addidotlol/FH4-Car-ID-List
fh4,2537,Porsche 1960 718 RS 60,addidotlol/FH4-Car-ID-List
fh4,2541,Lotus 2016 3-Eleven,addidotlol/FH4-Car-ID-List
fh4,2542,Alfa Romeo 2017 Giulia Quadrifoglio,addidotlol/FH4-Car-ID-List
fh4,2544,Dodge 2016 Viper ACR,addidotlol/FH4-Car-ID-List
fh4,2549,Porsche 1970 917 LH,addidotlol/FH4-Car-ID-List
fh4,2551,Ford 2014 FPV Limited Edition Pursuit UTE,addidotlol/FH4-Car-ID-List
fh4,2552,Alumi Craft 2015 Class 10 Race Car,addidotlol/FH4-Car-ID-List
fh4,2556,Ferrari 1948 166MM Barchetta,addidotlol/FH4-Car-ID-List
fh4,2558,International 1970 Scout 800A,addidotlol/FH4-Car-ID-List
fh4,2559,Jaguar 1959 MK II 3.8,addidotlol/FH4-Car-ID-List
fh4,2560,Land Rover 1972 Series III,addidotlol/FH4-Car-ID-List
fh4,2562,Morgan 2014 3 Wheeler,addidotlol/FH4-Car-ID-List
fh4,2563,Reliant 1972 Supervan III,addidotlol/FH4-Car-ID-List
fh4,2564,Talbot 1979 Sunbeam Lotus,addidotlol/FH4-Car-ID-List
fh4,2568,Volkswagen 1969 Class 5/1600 Baja Bug,addidotlol/FH4-Car-ID-List
fh4,2569,Ultima 2015 Evolution Coupe 1020,addidotlol/FH4-Car-ID-List
fh4,2570,Jaguar 2015 XE-S,addidotlol/FH4-Car-ID-List
fh4,2571,Jaguar 2017 F-Pace S,addidotlol/FH4-Car-ID-List
fh4,2574,AMG Transport Dynamics 2554 M12S Warthog CST,addidotlol/FH4-Car-ID-List
fh4,2575,Hot Wheels 2011 Bone Shaker,addidotlol/FH4-Car-ID-List
fh4,2576,Hot Wheels 2005 Ford Mustang,addidotlol/FH4-Car-ID-List
fh4,2577,Ferrari 2015 F12TDF,addidotlol/FH4-Car-ID-List
fh4,2580,Ford 2015 Falcon GT F 351,addidotlol/FH4-Car-ID-List
fh4,2582,Chrysler 1972 VH Valiant Charger R/T E49,addidotlol/FH4-Car-ID-List
fh4,2584,HDT 1985 VK Commodore Group A,addidotlol/FH4-Car-ID-List
fh4,2585,Ford 1972 Falcon XA GT-HO,addidotlol/FH4-Car-ID-List
fh4,2586,Volvo 2015 V60 Polestar,addidotlol/FH4-Car-ID-List
fh4,2614,Ford 1968 Mustang GT 2+2 Fastback,addidotlol/FH4-Car-ID-List
fh4,2616,Lamborghini 2016 Centenario LP 770-4,addidotlol/FH4-Car-ID-List
fh4,2618,Nissan 2017 GT-R,addidotlol/FH4-Car-ID-List
fh4,2624,Bugatti 2018 Chiron,addidotlol/FH4-Car-ID-List
fh4,2625,Bentley 2016 Bentayga,addidotlol/FH4-Car-ID-List
fh4,2628,BMW 2016 M4 GTS,addidotlol/FH4-Car-ID-List
fh4,2636,Toyota 1993 #1 T100 Baja Truck,addidotlol/FH4-Car-ID-List
fh4,2647,Pagani 2016 Huayra BC,addidotlol/FH4-Car-ID-List
fh4,2648,Hoonigan 2016 Gymkhana 9 Ford Focus RS RX,addidotlol/FH4-Car-ID-List
fh4,2649,Ford 2010 Crown Victoria Police Interceptor,addidotlol/FH4-Car-ID-List
fh4,2654,Mercedes-AMG 2017 GT R,addidotlol/FH4-Car-ID-List
fh4,2656,Toyota 2007 Hilux Arctic Trucks AT38,addidotlol/FH4-Car-ID-List
fh4,2659,Nissan 1998 Silvia K's Aero,addidotlol/FH4-Car-ID-List
fh4,2662,Nissan 2016 Titan Warrior Concept,addidotlol/FH4-Car-ID-List
fh4,2663,RJ Anderson 2016 #37 Polaris RZR-Rockstar Energy Pro 2 Truck,addidotlol/FH4-Car-ID-List
fh4,2665,Bentley 2017 Continental Supersports,addidotlol/FH4-Car-ID-List
fh4,2708,BMW 2011 X5 Traffic,addidotlol/FH4-Car-ID-List
fh4,2709,Fiat 2010 500 Traffic,addidotlol/FH4-Car-ID-List
fh4,2710,Ford 2011 Transit Traffic,addidotlol/FH4-Car-ID-List
fh4,2711,Mazda 2010 3 Traffic,addidotlol/FH4-Car-ID-List
fh4,2713,Playground Box Truck,addidotlol/FH4-Car-ID-List
fh4,2714,Playground Bus,addidotlol/FH4-Car-ID-List
fh4,2715,Subaru 2016 #199 WRX STI VT15R Rally Car,addidotlol/FH4-Car-ID-List
fh4,2728,Hoonigan 1955 Chevrolet Bel Air,addidotlol/FH4-Car-ID-List
fh4,2729,Hoonigan 1972 Chevrolet Napalm Nova,addidotlol/FH4-Car-ID-List
fh4,2730,Hoonigan 1978 Ford Escort RS1800,addidotlol/FH4-Car-ID-List
fh4,2731,Hoonigan 2015 Gymkhana 8 Ford Fiesta ST RX43,addidotlol/FH4-Car-ID-List
fh4,2732,Hoonigan 1992 Mazda RX-7 Twerkstallion,addidotlol/FH4-Car-ID-List
fh4,2734,"Hoonigan 1965 Ford ""Hoonicorn"" Mustang",addidotlol/FH4-Car-ID-List
fh4,2736,Hoonigan 1991 Rauh-Welt Begriff Porsche 911 Turbo,addidotlol/FH4-Car-ID-List
fh4,2738,Nissan 1995 Nismo GT-R LM,addidotlol/FH4-Car-ID-List
fh4,2739,Chevrolet 2017 Camaro ZL1,addidotlol/FH4-Car-ID-List
fh4,2740,Abarth 2017 124 Spider,addidotlol/FH4-Car-ID-List
fh4,2741,Porsche 2017 Panamera Turbo,addidotlol/FH4-Car-ID-List
fh4,2742,Jeep 2016 Trailcat,addidotlol/FH4-Car-ID-List
fh4,2743,Toyota 2016 Land Cruiser Arctic Trucks AT37,addidotlol/FH4-Car-ID-List
fh4,2745,Honda 2015 Ridgeline Baja Trophy Truck,addidotlol/FH4-Car-ID-List
fh4,2746,Tamo 2017 Racemo,addidotlol/FH4-Car-ID-List
fh4,2750,Hot Wheels 1969 Twin Mill,addidotlol/FH4-Car-ID-List
fh4,2751,Hot Wheels 2012 Rip Rod,addidotlol/FH4-Car-ID-List
fh4,2754,Quartz 723 Regalia,addidotlol/FH4-Car-ID-List
fh4,2755,Porsche 2018 911 GT2 RS,addidotlol/FH4-Car-ID-List
fh4,2773,Porsche 2018 Cayenne Turbo,addidotlol/FH4-Car-ID-List
fh4,2792,Ford 1966 #2 GT40 MK II Le Mans,addidotlol/FH4-Car-ID-List
fh4,2793,Ferrari 1967 #24 Ferrari Spa 330 P4,addidotlol/FH4-Car-ID-List
fh4,2825,Lotus 1997 Elise GT1,addidotlol/FH4-Car-ID-List
fh4,2838,RAM 2017 2500 Power Wagon,addidotlol/FH4-Car-ID-List
fh4,2839,Dodge 2018 Durango SRT,addidotlol/FH4-Car-ID-List
fh4,2841,Jeep 2018 Grand Cherokee Trackhawk,addidotlol/FH4-Car-ID-List
fh4,2846,McLaren 2018 720S Coupe,addidotlol/FH4-Car-ID-List
fh4,2847,Chevrolet 2017 Colorado ZR2,addidotlol/FH4-Car-ID-List
fh4,2861,Kia 2018 Stinger,addidotlol/FH4-Car-ID-List
fh4,2865,Maserati 2017 Levante S,addidotlol/FH4-Car-ID-List
fh4,2869,Porsche 1971 #23 917/20,addidotlol/FH4-Car-ID-List
fh4,2870,Honda 2018 Civic Type R,addidotlol/FH4-Car-ID-List
fh4,2871,Can-Am 2018 Maverick X RS Turbo R,addidotlol/FH4-Car-ID-List
fh4,2872,Hyundai 2019 Veloster N,addidotlol/FH4-Car-ID-List
fh4,2874,Nissan 2018 Sentra Nismo,addidotlol/FH4-Car-ID-List
fh4,2891,Audi 2004 S4 Traffic,addidotlol/FH4-Car-ID-List
fh4,2892,Austin 1964 FX4 Taxi Traffic,addidotlol/FH4-Car-ID-List
fh4,2893,BMW 2000 323ti,addidotlol/FH4-Car-ID-List
fh4,2894,Ford 2009 Fiesta Zetec Traffic,addidotlol/FH4-Car-ID-List
fh4,2895,Land Rover 1997 Defender 90 Traffic,addidotlol/FH4-Car-ID-List
fh4,2896,Mercedes-Benz 2009 A 2000 Traffic,addidotlol/FH4-Car-ID-List
fh4,2897,Mercedes-Benz 2004 C32 Traffic,addidotlol/FH4-Car-ID-List
fh4,2898,Mini 2010 Mini Cooper Traffic,addidotlol/FH4-Car-ID-List
fh4,2899,Mini 1965 Mini Cooper Traffic,addidotlol/FH4-Car-ID-List
fh4,2900,Playground Gritter,addidotlol/FH4-Car-ID-List
fh4,2901,Playground Tractor,addidotlol/FH4-Car-ID-List
fh4,2902,Playground Flatbed,addidotlol/FH4-Car-ID-List
fh4,2903,Subaru 2005 Legacy Traffic,addidotlol/FH4-Car-ID-List
fh4,2905,Volkswagen 2003 Bora Traffic,addidotlol/FH4-Car-ID-List
fh4,2906,Volkswagen 1998 GTI Traffic,addidotlol/FH4-Car-ID-List
fh4,2907,Volkswagen 2011 Fox Traffic,addidotlol/FH4-Car-ID-List
fh4,2908,Eagle 2012 Speedster,addidotlol/FH4-Car-ID-List
fh4,2909,Dodge 2018 Challenger SRT Demon,addidotlol/FH4-Car-ID-List
fh4,2910,Koenigsegg 2017 Agera RS,addidotlol/FH4-Car-ID-List
fh4,2911,Morris 1958 Minor 1000,addidotlol/FH4-Car-ID-List
fh4,2912,Austin 1964 FX4 Taxi,addidotlol/FH4-Car-ID-List
fh4,2913,Alumi Craft 2015 Class 10 Race Car Forza Edition,addidotlol/FH4-Car-ID-List
fh4,2915,Alfa Romeo 2008 8C Competizione Forza Edition,addidotlol/FH4-Car-ID-List
fh4,2916,Alfa Romeo 2017 Giulia Quadrifoglio Forza Edition,addidotlol/FH4-Car-ID-List
fh4,2917,Aston Martin 2016 Vulcan Forza Edition,addidotlol/FH4-Car-ID-List
fh4,2920,Bentley 2013 Continental GT Speed Forza Edition,addidotlol/FH4-Car-ID-List
fh4,2921,BMW 1988 M5 Forza Edition,addidotlol/FH4-Car-ID-List
fh4,2922,BMW 2013 M6 Coupe Forza Edition,addidotlol/FH4-Car-ID-List
fh4,2923,Caterham 2013 Superlight R500 Forza Edition,addidotlol/FH4-Car-ID-List
fh4,2925,Chevrolet 1969 Nova Super Sport 396 Forza Edition,addidotlol/FH4-Car-ID-List
fh4,2929,Ford 1973 Capri RS3100 Forza Edition,addidotlol/FH4-Car-ID-List
fh4,2934,Ford 2011 Transit SuperSportVan Forza Edition,addidotlol/FH4-Car-ID-List
fh4,2935,Funco Motorsports 2018 F9,addidotlol/FH4-Car-ID-List
fh4,2937,Ford 2017 #14 Rahal Letterman Lanigan Racing GRC Fiesta,addidotlol/FH4-Car-ID-List
fh4,2940,Lamborghini 2012 Aventador LP700-4 Forza Edition,addidotlol/FH4-Car-ID-List
fh4,2944,Land Rover 1972 Series III Forza Edition,addidotlol/FH4-Car-ID-List
fh4,2945,Maserati 2004 MC12 Forza Edition,addidotlol/FH4-Car-ID-List
fh4,2949,Mercedes-Benz 2009 SL 65 AMG Black Series Forza Edition,addidotlol/FH4-Car-ID-List
fh4,2952,Nissan 1995 Nismo GT-R LM Forza Edition,addidotlol/FH4-Car-ID-List
fh4,2953,Nissan 2016 Titan Warrior Concept Forza Edition,addidotlol/FH4-Car-ID-List
fh4,2954,Pagani 2010 Zonda R Forza Edition,addidotlol/FH4-Car-ID-List
fh4,2955,Peugeot 1984 205 Turbo 16 Forza Edition,addidotlol/FH4-Car-ID-List
fh4,2958,Renault 1980 5 Turbo Forza Edition,addidotlol/FH4-Car-ID-List
fh4,2962,TVR 2005 Sagaris Forza Edition,addidotlol/FH4-Car-ID-List
fh4,2963,Volkswagen 1963 Type 2 De Luxe Forza Edition,addidotlol/FH4-Car-ID-List
fh4,2965,Renault 2010 Clio R.S. Forza Edition,addidotlol/FH4-Car-ID-List
fh4,2973,Alpine 2017 A110,addidotlol/FH4-Car-ID-List
fh4,2974,Ferrari 2017 812 Superfast,addidotlol/FH4-Car-ID-List
fh4,2975,Alfa Romeo 2018 Stelvio Quadrifoglio,addidotlol/FH4-Car-ID-List
fh4,2976,Bentley 1931 4-1/2 Supercharged,addidotlol/FH4-Car-ID-List
fh4,2979,Ford 1959 Anglia 105E,addidotlol/FH4-Car-ID-List
fh4,2980,Ford 1964 GT40 MK I,addidotlol/FH4-Car-ID-List
fh4,2981,Ford 1986 Escort RS Turbo,addidotlol/FH4-Car-ID-List
fh4,2982,Hoonigan 1977 Gymkhana 10 Ford F-150 'Hoonitruck',addidotlol/FH4-Car-ID-List
fh4,2983,Hoonigan 2017 Gymkhana 10 Ford Fiesta ST,addidotlol/FH4-Car-ID-List
fh4,2984,Hoonigan 1991 Gymkhana 10 Ford Escort Cosworth Group A,addidotlol/FH4-Car-ID-List
fh4,2985,Land Rover 1973 Range Rover,addidotlol/FH4-Car-ID-List
fh4,2986,Mercedes-Benz 2014 Unimog U5023,addidotlol/FH4-Car-ID-List
fh4,2987,Peel 1962 P50,addidotlol/FH4-Car-ID-List
fh4,2988,McLaren 2018 Senna,addidotlol/FH4-Car-ID-List
fh4,2989,Napier 1933 Napier-Railton,addidotlol/FH4-Car-ID-List
fh4,2991,Volvo 2016 Iron Knight,addidotlol/FH4-Car-ID-List
fh4,2992,Jaguar 1964 Lightweight E-Type,addidotlol/FH4-Car-ID-List
fh4,2993,TVR 2018 Griffith,addidotlol/FH4-Car-ID-List
fh4,2994,Triumph 1962 Spitfire,addidotlol/FH4-Car-ID-List
fh4,2995,Volkswagen 1983 Golf GTI,addidotlol/FH4-Car-ID-List
fh4,2996,Formula Drift 2015 #13 Ford Mustang,addidotlol/FH4-Car-ID-List
fh4,2997,Formula Drift 2016 #530 HSV Maloo Gen-F,addidotlol/FH4-Car-ID-List
fh4,2998,Formula Drift 1995 #118 Nissan 240SX,addidotlol/FH4-Car-ID-List
fh4,2999,Formula Drift 1996 #232 Nissan 240SX,addidotlol/FH4-Car-ID-List
fh4,3000,Formula Drift 1997 #777 Nissan 240SX,addidotlol/FH4-Car-ID-List
fh4,3003,Formula Drift 2006 #43 Dodge Viper SRT10,addidotlol/FH4-Car-ID-List
fh4,3005,Peel 1965 Trident,addidotlol/FH4-Car-ID-List
fh4,3006,Hoonigan 1965 Gymkhana 10 Ford Hoonigan Mustang,addidotlol/FH4-Car-ID-List
fh4,3007,Volkswagen 2017 #34 Volkswagen Andretti Rallycross Beetle,addidotlol/FH4-Car-ID-List
fh4,3009,Lamborghini 2008 Reventon Forza Edition,addidotlol/FH4-Car-ID-List
fh4,3012,Ford 1972 Falcon XA GT-HO Forza Edition,addidotlol/FH4-Car-ID-List
fh4,3021,Porsche 1966 906 Carrera 6,addidotlol/FH4-Car-ID-List
fh4,3024,James Bond 1969 Aston Martin DBS,addidotlol/FH4-Car-ID-List
fh4,3026,Mercedes-Benz 1929 Super Sport Kurz Barker Roadster,addidotlol/FH4-Car-ID-List
fh4,3031,Porsche 1985 #185 959 Prodrive Rally Raid,addidotlol/FH4-Car-ID-List
fh4,3035,KTM 2018 X-BOW GT4,addidotlol/FH4-Car-ID-List
fh4,3036,Porsche 1959 356 A 1600 Super,addidotlol/FH4-Car-ID-List
fh4,3037,Formula Drift 1989 #98 BMW 325I,addidotlol/FH4-Car-ID-List
fh4,3040,Chevrolet 1970 Chevelle Super Sport Barrett-Jackson Edition,addidotlol/FH4-Car-ID-List
fh4,3041,Ford 1975 Bronco Barrett-Jackson Edition,addidotlol/FH4-Car-ID-List
fh4,3042,"Ford 1932 Roadster ""Hula Girl""",addidotlol/FH4-Car-ID-List
fh4,3044,Plymouth 1959 Atomic Punk Bubbletop,addidotlol/FH4-Car-ID-List
fh4,3045,Plymouth 1970 Hemi Cuda Convertible Barret-Jackson Edition,addidotlol/FH4-Car-ID-List
fh4,3046,Ford 2018 Mustang GT,addidotlol/FH4-Car-ID-List
fh4,3047,James Bond 1964 Aston Martin DB5,addidotlol/FH4-Car-ID-List
fh4,3048,James Bond 1986 Aston MArtin V8,addidotlol/FH4-Car-ID-List
fh4,3050,James Bond 1999 BMW Z8,addidotlol/FH4-Car-ID-List
fh4,3051,Ford 2017 M-Sport Fiesta RS,addidotlol/FH4-Car-ID-List
fh4,3055,James Bond 2010 Jaguar C-X75,addidotlol/FH4-Car-ID-List
fh4,3060,James Bond 2015 Aston Martin DB10,addidotlol/FH4-Car-ID-List
fh4,3061,James Bond 1977 Lotus Esprit S1,addidotlol/FH4-Car-ID-List
fh4,3062,Ferrari 1970 512 S,addidotlol/FH4-Car-ID-List
fh4,3063,Mercedes-Benz 2018 X-Class,addidotlol/FH4-Car-ID-List
fh4,3064,Mercedes-AMG 2018 GT 4-Door Coupe,addidotlol/FH4-Car-ID-List
fh4,3065,GMC 1983 Vandura G-1500,addidotlol/FH4-Car-ID-List
fh4,3066,Ford 2011 Transit Supersportvan Stories,addidotlol/FH4-Car-ID-List
fh4,3068,Austin 1964 FX4 Taxi HS,addidotlol/FH4-Car-ID-List
fh4,3069,Honda 2016 Civic Coupe GRC,addidotlol/FH4-Car-ID-List
fh4,3070,James Bond 1981 Citroen 2CV6,addidotlol/FH4-Car-ID-List
fh4,3071,BMW 2018 M5,addidotlol/FH4-Car-ID-List
fh4,3072,Porsche 2019 911 GT3 RS,addidotlol/FH4-Car-ID-List
fh4,3074,Porsche 2019 Macan Turbo,addidotlol/FH4-Car-ID-List
fh4,3075,James Bond 1974 AMC Hornet X Hatchback,addidotlol/FH4-Car-ID-List
fh4,3078,Volkswagen 1966 Double Cab Pick-up,addidotlol/FH4-Car-ID-List
fh4,3079,Shelby 1963 Monaco King Cobra,addidotlol/FH4-Car-ID-List
fh4,3082,Maserati 2008 MC12 Versione Corsa,addidotlol/FH4-Car-ID-List
fh4,3084,Hillman 1966 IMP,addidotlol/FH4-Car-ID-List
fh4,3085,Ford 2018 Mustang GT Deberi Design,addidotlol/FH4-Car-ID-List
fh4,3086,Top Gear 2018 Track-Tor,addidotlol/FH4-Car-ID-List
fh4,3087,McLaren 2014 650S Spider,addidotlol/FH4-Car-ID-List
fh4,3088,Chevrolet 2018 Silverado 1500 Deberti Design Drift Truck,addidotlol/FH4-Car-ID-List
fh4,3089,Exomotive 2018 Exocet Off-Road,addidotlol/FH4-Car-ID-List
fh4,3091,Aston Martin 2018 Vantage,addidotlol/FH4-Car-ID-List
fh4,3092,Quartz 2016 723 Regalia Type-D,addidotlol/FH4-Car-ID-List
fh4,3093,Ford 2018 #25 Mustang RTR,addidotlol/FH4-Car-ID-List
fh4,3094,Morgan 2018 Aero GT,addidotlol/FH4-Car-ID-List
fh4,3096,MG 1938 TA Nidget,addidotlol/FH4-Car-ID-List
fh4,3097,Jaguar 1953 C-Type,addidotlol/FH4-Car-ID-List
fh4,3098,Aston Martin 2017 DB11 Preorder Car,addidotlol/FH4-Car-ID-List
fh4,3099,Chevrolet 2017 Camaro ZL1 Preorder Car,addidotlol/FH4-Car-ID-List
fh4,3100,Ford 2017 Focus RS Preorder Car,addidotlol/FH4-Car-ID-List
fh4,3101,McLaren 2018 720S Coupe Preorder Car,addidotlol/FH4-Car-ID-List
fh4,3102,Nissan 2017 GT-R Preorder Car,addidotlol/FH4-Car-ID-List
fh4,3103,Porsche 2016 911 GT3 RS Preorder Car,addidotlol/FH4-Car-ID-List
fh4,3104,Mercedes-AMG 2017 GT R Preorder Car,addidotlol/FH4-Car-ID-List
fh4,3105,McLaren 2018 Senna (AE),addidotlol/FH4-Car-ID-List
fh4,3106,McLaren 2018 Senna (SE),addidotlol/FH4-Car-ID-List
fh4,3107,Mercedes-Benz 2014 G 63 AMG 6X6,addidotlol/FH4-Car-ID-List
fh4,3108,Ford 2018 Mustang RTR Spec 5,addidotlol/FH4-Car-ID-List
fh4,3109,Ford 2019 F-150 PreRunner Deberti Edition,addidotlol/FH4-Car-ID-List
fh4,3110,Jeep 2013 Wrangler Unlimited(Deberti),addidotlol/FH4-Car-ID-List
fh4,3111,Porsche 1951 356 SL Gmund Coupe,addidotlol/FH4-Car-ID-List
fh4,3114,BMW 2018 I8 Roadster,addidotlol/FH4-Car-ID-List
fh4,3115,Hoonigan 2016 Gymkhana 10 Ford Focus RS RX,addidotlol/FH4-Car-ID-List
fh4,3116,Morris 1953 Minion Series II Traveler,addidotlol/FH4-Car-ID-List
fh4,3117,Porsche 2018 718 Cayman GTS,addidotlol/FH4-Car-ID-List
fh4,3118,Chevrolet 2019 Corvette ZR1,addidotlol/FH4-Car-ID-List
fh4,3119,Hoonigan 1986 Ford RS200 Evolution,addidotlol/FH4-Car-ID-List
fh4,3120,Lamborghini 2019 Urus,addidotlol/FH4-Car-ID-List
fh4,3121,RAM 2017 Rebel TRX Concept,addidotlol/FH4-Car-ID-List
fh4,3122,Ferrari 2017 GTC4Lusso,addidotlol/FH4-Car-ID-List
fh4,3123,Porsche 2019 911 Carrera S,addidotlol/FH4-Car-ID-List
fh4,3125,Aston Martin 2017 Vanquish Zagato Coupe,addidotlol/FH4-Car-ID-List
fh4,3126,Ford 1965 Transit,addidotlol/FH4-Car-ID-List
fh4,3129,Renault 2008 Megane R26.R,addidotlol/FH4-Car-ID-List
fh4,3130,"Mercedes-Benz 2017 E 350D ""Project E-AT""",addidotlol/FH4-Car-ID-List
fh4,3131,Mini 2018 John Cooper Works All4 Countryman,addidotlol/FH4-Car-ID-List
fh4,3132,Mini 2018 X-Raid John Cooper Works Buggy,addidotlol/FH4-Car-ID-List
fh4,3133,Mini 2018 John Cooper Works Convertible,addidotlol/FH4-Car-ID-List
fh4,3134,Renault 2018 Megane R.S.,addidotlol/FH4-Car-ID-List
fh4,3136,Land Rover 2020 Range Rover Velar First Edition,addidotlol/FH4-Car-ID-List
fh4,3140,Rimac 2019 C_Two,addidotlol/FH4-Car-ID-List
fh4,3141,Apollo 2018 Intensa Emozione,addidotlol/FH4-Car-ID-List
fh4,3142,Morris 1965 Mini-Traveller,addidotlol/FH4-Car-ID-List
fh4,3144,Chevrolet 1957 Bel Air HS,addidotlol/FH4-Car-ID-List
fh4,3149,Chevrolet 2018 Camaro ZL1 1LE,addidotlol/FH4-Car-ID-List
fh4,3150,Porsche 1964 356 Cabriolet Emory Special,addidotlol/FH4-Car-ID-List
fh4,3151,Ford 2018 #88 Mustang RTR,addidotlol/FH4-Car-ID-List
fh4,3153,McLaren 2018 600LT Coupe,addidotlol/FH4-Car-ID-List
fh4,3154,McLaren 2019 720S Spider,addidotlol/FH4-Car-ID-List
fh4,3156,McLaren 2019 Speedtail,addidotlol/FH4-Car-ID-List
fh4,3160,Porsche 1995 911 Carrera 2 By Gunther Werks,addidotlol/FH4-Car-ID-List
fh4,3164,Jaguar 2020 I-Pace,addidotlol/FH4-Car-ID-List
fh4,3167,Ford 1970 GT70,addidotlol/FH4-Car-ID-List
fh4,3168,Bugatti 2019 Divo,addidotlol/FH4-Car-ID-List
fh4,3170,Ford 1994 Supervan 3,addidotlol/FH4-Car-ID-List
fh4,3172,Bentley 1992 Turbo R,addidotlol/FH4-Car-ID-List
fh4,3173,BMW 2019 Z4 Roadster,addidotlol/FH4-Car-ID-List
fh4,3174,Ford 2019 Ranger Raptor,addidotlol/FH4-Car-ID-List
fh4,3180,Peugeot 1991 205 Rallye,addidotlol/FH4-Car-ID-List
fh4,3182,Renault 2016 Clio R.S. 16 Concept,addidotlol/FH4-Car-ID-List
fh4,3184,Ford 1977 #5 Escort RS1800 MKII,addidotlol/FH4-Car-ID-List
fh4,3185,Aston Martin 2019 DBS Superleggera,addidotlol/FH4-Car-ID-List
fh4,3194,Italdesign 2018 Zerouno,addidotlol/FH4-Car-ID-List
fh4,3195,ATS 2018 GT,addidotlol/FH4-Car-ID-List
fh4,3207,Lego Speed Champions 1987 Ferrari F40 Competizione,addidotlol/FH4-Car-ID-List
fh4,3208,Lego Speed Champions 2019 Mclaren Senna,addidotlol/FH4-Car-ID-List
fh4,3209,Lego Speed Champions 2019 Bugatti Chiron,addidotlol/FH4-Car-ID-List
fh4,3210,Lego Speed Champions 1967 Mini Cooper S Rally,addidotlol/FH4-Car-ID-List
fh4,3211,Aston Martin 2017 Vulcan AMR Pro,addidotlol/FH4-Car-ID-List
fh4,3212,Zenvo 2019 TSR-S,addidotlol/FH4-Car-ID-List
fh4,3217,Lamborghini 2018 Huracan Performante,addidotlol/FH4-Car-ID-List
fh4,3223,Volkswagen 2018 #94 Volkswagen Motorsport I.D R Pikes Peak,addidotlol/FH4-Car-ID-List
fh4,3225,Ferrari 2018 Portofino,addidotlol/FH4-Car-ID-List
fh4,3227,Ferrari 2019 488 Pista,addidotlol/FH4-Car-ID-List
fh4,3228,Ford 1999 Racing Puma,addidotlol/FH4-Car-ID-List
fh4,3232,Formula Drift 2013 #777 Chevrolet Corvette,addidotlol/FH4-Car-ID-List
fh4,3236,Rover 1984 SD1 Vitesse,addidotlol/FH4-Car-ID-List
fh4,3247,Formula Drift 2018 #64 Nissan 370z,addidotlol/FH4-Car-ID-List
fh4,3249,Formula Drift 2007 #177 599 GTB Fiorano,addidotlol/FH4-Car-ID-List
fh4,3250,Mercedes-AMG 2018 E 63 S,addidotlol/FH4-Car-ID-List
fh4,3253,Lego Speed Champions 1973 Porsche 911 rs 3.0 Lego,addidotlol/FH4-Car-ID-List
fh4,3257,Nissan 1990 Pulsar GTI-R,addidotlol/FH4-Car-ID-List
fh4,3279,Playground 2014 Flatbed Series,addidotlol/FH4-Car-ID-List
fh4,3300,McLaren 2013 P1 “Owens” Edition,addidotlol/FH4-Car-ID-List
fh4,3464,"Ferrari 1996 F50 GT ""Welcome Pack""",addidotlol/FH4-Car-ID-List
fh4,3465,"Lamborghini 2012 Aventador LP700-4 ""Welcome Pack""",addidotlol/FH4-Car-ID-List
fh4,3466,"Ford 2017 GT ""Welcome Pack""",addidotlol/FH4-Car-ID-List
fh4,3467,"Jeep 1976 CJ5 Renegade ""Welcome Pack""",addidotlol/FH4-Car-ID-List
fh4,3468,"Porsche 1960 718 RS 60 ""Welcome Pack""",addidotlol/FH4-Car-ID-List
fh4,3469,"Toyota 1993 #1 T100 Baja Truck ""Welcome Pack""",addidotlol/FH4-Car-ID-List
fh4,3470,"Hoonigan 2016 Gymkhana 9 Ford Focus RS RX ""Welcome Pack""",addidotlol/FH4-Car-ID-List
fh4,3471,"Subaru 2016 #199 WRX STI VT15R Rally Car ""Welcome Pack""",addidotlol/FH4-Car-ID-List
fh5,247,1969 Toyota 2000GT,forza.net/fh5cars
fh5,249,1962 Ferrari 250 GTO,forza.net/fh5cars
fh5,251,1954 Mercedes-Benz 300 SL Coupe,forza.net/fh5cars
fh5,253,1994 Ferrari F355 Berlinetta,forza.net/fh5cars
fh5,255,1992 Ferrari 512 TR,forza.net/fh5cars
fh5,257,2002 Ferrari 575M Maranello,forza.net/fh5cars
fh5,260,1973 Porsche 911 Carrera RS,forza.net/fh5cars
fh5,261,1995 Porsche 911 GT2,forza.net/fh5cars
fh5,262,2004 Porsche 911 GT3,forza.net/fh5cars
fh5,265,1982 Porsche 911 Turbo 3.3,forza.net/fh5cars
fh5,266,1970 Porsche 914/6,forza.net/fh5cars
fh5,268,1989 Porsche 944 Turbo,forza.net/fh5cars
fh5,269,1987 Porsche 959,forza.net/fh5cars
fh5,281,1968 Plymouth Barracuda Formula-S,forza.net/fh5cars
fh5,289,1969 Chevrolet Camaro Super Sport Coupe,forza.net/fh5cars
fh5,291,1990 Vauxhall Lotus Carlton,forza.net/fh5cars
fh5,292,2003 Porsche Carrera GT,forza.net/fh5cars
fh5,294,2002 Koenigsegg CC8S,forza.net/fh5cars
fh5,295,2003 Toyota Celica Sport Specialty II,forza.net/fh5cars
fh5,296,1998 TVR Cerbera Speed 12,forza.net/fh5cars
fh5,297,2003 Ferrari 360 Challenge Stradale,forza.net/fh5cars
fh5,299,1970 Chevrolet Chevelle Super Sport 454,forza.net/fh5cars
fh5,302,2004 Honda Civic Type-R,forza.net/fh5cars
fh5,306,1965 Shelby Cobra 427 S/C,forza.net/fh5cars
fh5,309,1995 Volkswagen Corrado VR6,forza.net/fh5cars
fh5,312,1967 Chevrolet Corvette Stingray 427,forza.net/fh5cars
fh5,314,2002 Chevrolet Corvette Z06,forza.net/fh5cars
fh5,315,1970 Chevrolet Corvette ZR-1,forza.net/fh5cars
fh5,316,1988 Lamborghini Countach LP5000 QV,forza.net/fh5cars
fh5,320,1991 Honda CR-X SiR,forza.net/fh5cars
fh5,323,1992 Lancia Delta HF Integrale EVO,forza.net/fh5cars
fh5,324,1999 Lamborghini Diablo GTR,forza.net/fh5cars
fh5,325,1997 Lamborghini Diablo SV,forza.net/fh5cars
fh5,326,1969 Ferrari Dino 246 GT,forza.net/fh5cars
fh5,327,1995 Mitsubishi Eclipse GSX,forza.net/fh5cars
fh5,330,1971 Lotus Elan Sprint,forza.net/fh5cars
fh5,333,2002 Ferrari Enzo Ferrari,forza.net/fh5cars
fh5,335,2002 Lotus Esprit V8,forza.net/fh5cars
fh5,336,1961 Jaguar E-type,forza.net/fh5cars
fh5,338,1997 McLaren F1 GT,forza.net/fh5cars
fh5,340,1987 Ferrari F40,forza.net/fh5cars
fh5,342,1995 Ferrari F50,forza.net/fh5cars
fh5,343,1969 Nissan Fairlady Z 432,forza.net/fh5cars
fh5,344,2003 Nissan Fairlady Z,forza.net/fh5cars
fh5,345,1994 Nissan Fairlady Z Version S Twin Turbo,forza.net/fh5cars
fh5,348,2005 Ford GT,forza.net/fh5cars
fh5,349,1998 Nissan R390 (GT1),forza.net/fh5cars
fh5,353,1992 Volkswagen Golf Gti 16v Mk2,forza.net/fh5cars
fh5,354,2003 Volkswagen Golf R32,forza.net/fh5cars
fh5,357,1997 Mitsubishi GTO,forza.net/fh5cars
fh5,358,1984 Ferrari 288 GTO,forza.net/fh5cars
fh5,363,1998 SUBARU Impreza 22B-STi Version,forza.net/fh5cars
fh5,364,2004 SUBARU Impreza WRX STi,forza.net/fh5cars
fh5,365,2005 SUBARU Impreza WRX STi,forza.net/fh5cars
fh5,368,2001 Acura Integra Type-R,forza.net/fh5cars
fh5,374,2006 Mitsubishi Lancer Evolution IX MR,forza.net/fh5cars
fh5,375,1999 Mitsubishi Lancer Evolution VI GSR,forza.net/fh5cars
fh5,378,2004 Mitsubishi Lancer Evolution VIII MR,forza.net/fh5cars
fh5,382,1997 BMW M3,forza.net/fh5cars
fh5,383,2005 BMW M3,forza.net/fh5cars
fh5,397,2005 Vauxhall Monaro VXR,forza.net/fh5cars
fh5,398,1995 Toyota MR2 GT,forza.net/fh5cars
fh5,405,2000 Ford SVT Cobra R,forza.net/fh5cars
fh5,411,2005 Honda NSX-R,forza.net/fh5cars
fh5,412,1992 Honda NSX-R,forza.net/fh5cars
fh5,417,1970 Buick GSX,forza.net/fh5cars
fh5,419,2006 Audi RS 4,forza.net/fh5cars
fh5,420,2003 Audi RS 6,forza.net/fh5cars
fh5,422,2002 Acura RSX Type-S,forza.net/fh5cars
fh5,423,1990 Mazda Savanna RX-7,forza.net/fh5cars
fh5,424,1997 Mazda RX-7,forza.net/fh5cars
fh5,425,2002 Mazda RX-7 Spirit R Type-A,forza.net/fh5cars
fh5,427,2003 Honda S2000,forza.net/fh5cars
fh5,432,2004 Saleen S7,forza.net/fh5cars
fh5,433,2005 TVR Sagaris,forza.net/fh5cars
fh5,439,1992 Nissan Silvia CLUB K's,forza.net/fh5cars
fh5,440,1994 Nissan Silvia K's,forza.net/fh5cars
fh5,441,2000 Nissan Silvia Spec-R,forza.net/fh5cars
fh5,444,1993 Nissan Skyline GT-R V-Spec,forza.net/fh5cars
fh5,445,2002 Nissan Skyline GT-R V-Spec II,forza.net/fh5cars
fh5,455,1985 Toyota Sprinter Trueno GT Apex,forza.net/fh5cars
fh5,458,1974 Lancia Stratos HF Stradale,forza.net/fh5cars
fh5,460,1992 Toyota Supra 2.0 GT,forza.net/fh5cars
fh5,461,1998 Toyota Supra RZ,forza.net/fh5cars
fh5,483,1999 Dodge Viper GTS ACR,forza.net/fh5cars
fh5,489,1993 Jaguar XJ220,forza.net/fh5cars
fh5,513,1969 Dodge Charger R/T,forza.net/fh5cars
fh5,565,2002 BMW M3-GTR,forza.net/fh5cars
fh5,567,1998 Nissan Silvia K's Aero,forza.net/fh5cars
fh5,568,1998 Mercedes-Benz AMG CLK GTR Forza Edition,forza.net/fh5cars
fh5,569,2005 Honda NSX-R GT,forza.net/fh5cars
fh5,615,2007 Peugeot 207 Super 2000,forza.net/fh5cars
fh5,625,2007 Honda Civic Type-R,forza.net/fh5cars
fh5,633,1983 Audi Sport quattro,forza.net/fh5cars
fh5,634,1980 Renault 5 Turbo,forza.net/fh5cars
fh5,637,1967 Lamborghini Miura P400,forza.net/fh5cars
fh5,639,1970 Dodge Challenger R/T,forza.net/fh5cars
fh5,641,1997 Toyota Soarer 2.5 GT-T,forza.net/fh5cars
fh5,642,1991 BMW M3,forza.net/fh5cars
fh5,1005,1973 Pontiac Firebird Trans Am SD-455,forza.net/fh5cars
fh5,1006,2005 Ferrari FXX,forza.net/fh5cars
fh5,1007,2008 Koenigsegg CCGT,forza.net/fh5cars
fh5,1009,2008 Mitsubishi Lancer Evolution X GSR,forza.net/fh5cars
fh5,1011,2008 BMW M3,forza.net/fh5cars
fh5,1020,1996 Ferrari F50 GT,forza.net/fh5cars
fh5,1022,2007 Ferrari 430 Scuderia,forza.net/fh5cars
fh5,1023,1989 Ferrari F40 Competizione,forza.net/fh5cars
fh5,1032,2007 Alfa Romeo 8C Competizione,forza.net/fh5cars
fh5,1034,1994 Toyota Celica GT-Four ST205,forza.net/fh5cars
fh5,1040,1981 BMW M1,forza.net/fh5cars
fh5,1041,1993 Ford SVT Cobra R,forza.net/fh5cars
fh5,1042,1971 Nissan Skyline 2000GT-R,forza.net/fh5cars
fh5,1043,1997 Nissan Skyline GT-R V-Spec,forza.net/fh5cars
fh5,1045,1987 Pontiac Firebird Trans Am GTA,forza.net/fh5cars
fh5,1046,2008 Dodge Viper SRT10 ACR,forza.net/fh5cars
fh5,1059,2008 BMW Z4 M Coupe,forza.net/fh5cars
fh5,1060,2008 SUBARU Impreza WRX STI,forza.net/fh5cars
fh5,1063,1969 Dodge Charger Daytona HEMI,forza.net/fh5cars
fh5,1064,1979 Chevrolet Camaro Z28,forza.net/fh5cars
fh5,1069,2009 Chevrolet Corvette ZR1,forza.net/fh5cars
fh5,1081,2008 Aston Martin DBS,forza.net/fh5cars
fh5,1086,2009 Ford Focus RS,forza.net/fh5cars
fh5,1090,2009 Mercedes-Benz SL 65 AMG Black Series,forza.net/fh5cars
fh5,1093,1960 Chevrolet Corvette,forza.net/fh5cars
fh5,1098,2009 MINI John Cooper Works,forza.net/fh5cars
fh5,1103,2010 Nissan 370Z,forza.net/fh5cars
fh5,1104,1970 Datsun 510,forza.net/fh5cars
fh5,1105,1964 Aston Martin DB5,forza.net/fh5cars
fh5,1108,1985 Ford RS200 Evolution,forza.net/fh5cars
fh5,1110,1994 Mazda MX-5 Miata,forza.net/fh5cars
fh5,1124,1980 Abarth Fiat 131,forza.net/fh5cars
fh5,1125,2008 Lamborghini Reventon,forza.net/fh5cars
fh5,1126,2009 BMW M5,forza.net/fh5cars
fh5,1130,2011 Mercedes-Benz SLS AMG,forza.net/fh5cars
fh5,1131,2009 Ferrari 458 Italia,forza.net/fh5cars
fh5,1150,1965 Alfa Romeo Giulia Sprint GTA Stradale,forza.net/fh5cars
fh5,1154,1957 Ferrari 250 Testa Rossa,forza.net/fh5cars
fh5,1155,1965 Shelby Cobra Daytona Coupe,forza.net/fh5cars
fh5,1171,2010 Ferrari 599XX,forza.net/fh5cars
fh5,1173,2010 Lamborghini Murcielago LP 670-4 SV,forza.net/fh5cars
fh5,1175,2010 Pagani Zonda R,forza.net/fh5cars
fh5,1181,2010 Aston Martin One-77,forza.net/fh5cars
fh5,1184,2009 Audi RS 6,forza.net/fh5cars
fh5,1187,2009 Lotus 2-Eleven,forza.net/fh5cars
fh5,1202,2011 Penhall The Cholla,forza.net/fh5cars
fh5,1204,2010 Renault Megane R.S. 250,forza.net/fh5cars
fh5,1216,2011 Audi RS 3 Sportback,forza.net/fh5cars
fh5,1219,1992 Bugatti EB110 Super Sport,forza.net/fh5cars
fh5,1220,2010 Audi TT RS Coupe,forza.net/fh5cars
fh5,1231,2010 Volkswagen Golf R,forza.net/fh5cars
fh5,1234,2010 Porsche 911 Sport Classic,forza.net/fh5cars
fh5,1248,2010 Rossion Q1,forza.net/fh5cars
fh5,1253,2010 Mosler MT900S,forza.net/fh5cars
fh5,1260,2010 Lexus LFA,forza.net/fh5cars
fh5,1264,2010 Renault Clio R.S.,forza.net/fh5cars
fh5,1267,1971 AMC Javelin AMX,forza.net/fh5cars
fh5,1268,2002 BMW Z3 M Coupe,forza.net/fh5cars
fh5,1269,1973 BMW 2002 Turbo,forza.net/fh5cars
fh5,1270,1982 DeLorean DMC-12,forza.net/fh5cars
fh5,1271,1957 Ferrari 250 California,forza.net/fh5cars
fh5,1272,1992 Ford Escort RS Cosworth,forza.net/fh5cars
fh5,1273,1997 Honda Civic Type R,forza.net/fh5cars
fh5,1275,2006 Koenigsegg CCX,forza.net/fh5cars
fh5,1276,1977 Pontiac Firebird Trans Am,forza.net/fh5cars
fh5,1277,1971 Plymouth Cuda 426 Hemi,forza.net/fh5cars
fh5,1278,1973 Ford XB Falcon GT,forza.net/fh5cars
fh5,1281,1955 Porsche 550A Spyder,forza.net/fh5cars
fh5,1282,1993 Nissan 240SX SE,forza.net/fh5cars
fh5,1285,1965 Pontiac GTO,forza.net/fh5cars
fh5,1290,1986 BMW M635CSi,forza.net/fh5cars
fh5,1291,1970 Chevrolet El Camino Super Sport 454,forza.net/fh5cars
fh5,1293,1987 Ford Sierra Cosworth RS500,forza.net/fh5cars
fh5,1294,1991 GMC Syclone,forza.net/fh5cars
fh5,1295,1982 Lancia 037 Stradale,forza.net/fh5cars
fh5,1296,1990 Mercedes-Benz 190E 2.5-16 Evolution II,forza.net/fh5cars
fh5,1297,1988 Mitsubishi Starion ESI-R,forza.net/fh5cars
fh5,1299,1983 Volvo 242 Turbo Evolution,forza.net/fh5cars
fh5,1300,1964 Chevrolet Impala Super Sport 409,forza.net/fh5cars
fh5,1301,1956 Jaguar D-Type,forza.net/fh5cars
fh5,1302,1977 Ford Escort RS1800,forza.net/fh5cars
fh5,1304,2010 Maserati Gran Turismo S,forza.net/fh5cars
fh5,1309,1969 Pontiac GTO Judge,forza.net/fh5cars
fh5,1314,1993 McLaren F1,forza.net/fh5cars
fh5,1318,1968 Ferrari 365 GTB/4,forza.net/fh5cars
fh5,1319,2010 Ferrari 599 GTO,forza.net/fh5cars
fh5,1320,1971 Ford Mustang Mach 1,forza.net/fh5cars
fh5,1322,2011 Lamborghini Sesto Elemento,forza.net/fh5cars
fh5,1323,2011 SUBARU WRX STI,forza.net/fh5cars
fh5,1328,2011 Bugatti Veyron Super Sport,forza.net/fh5cars
fh5,1329,1987 Buick Regal GNX,forza.net/fh5cars
fh5,1330,1970 Chevrolet Camaro Z28,forza.net/fh5cars
fh5,1332,1968 Dodge Dart HEMI Super Stock,forza.net/fh5cars
fh5,1334,1980 Lotus Esprit Turbo,forza.net/fh5cars
fh5,1338,1968 Pontiac Firebird,forza.net/fh5cars
fh5,1345,2006 HUMMER H1 Alpha,forza.net/fh5cars
fh5,1350,2011 BMW X5 M,forza.net/fh5cars
fh5,1351,1997 Lexus SC300,forza.net/fh5cars
fh5,1352,1970 Dodge Coronet Super Bee,forza.net/fh5cars
fh5,1354,1966 Chevrolet Nova Super Sport,forza.net/fh5cars
fh5,1355,1965 Ford Mustang GT Coupe,forza.net/fh5cars
fh5,1367,2003 BMW M5,forza.net/fh5cars
fh5,1368,1988 BMW M5,forza.net/fh5cars
fh5,1369,2009 Pagani Zonda Cinque Roadster 'Oreo Edition',forza.net/fh5cars
fh5,1370,1995 Audi Avant RS 2,forza.net/fh5cars
fh5,1372,1930 Bentley Blower 4-1/2 Litre Supercharged,forza.net/fh5cars
fh5,1376,1999 Lotus Elise Series 1 Sport 190,forza.net/fh5cars
fh5,1379,1996 Chevrolet Impala Super Sport,forza.net/fh5cars
fh5,1380,1981 Volkswagen Scirocco S,forza.net/fh5cars
fh5,1381,1992 Mitsubishi Galant VR-4,forza.net/fh5cars
fh5,1382,1990 SUBARU Legacy RS,forza.net/fh5cars
fh5,1383,1998 Volkswagen Gti VR6 Mk3,forza.net/fh5cars
fh5,1385,2011 BMW 1 Series M Coupe,forza.net/fh5cars
fh5,1386,1958 Aston Martin DBR1,forza.net/fh5cars
fh5,1387,1998 Mercedes-Benz AMG CLK GTR,forza.net/fh5cars
fh5,1388,2012 Eagle Speedster,forza.net/fh5cars
fh5,1392,2011 Mazda RX-8 R3,forza.net/fh5cars
fh5,1393,1992 Alfa Romeo 155 Q4,forza.net/fh5cars
fh5,1394,1992 GMC Typhoon,forza.net/fh5cars
fh5,1395,1989 Toyota MR2 SC,forza.net/fh5cars
fh5,1397,2011 Lamborghini Gallardo LP 570-4 Superleggera,forza.net/fh5cars
fh5,1398,2012 Lamborghini Gallardo LP 570-4 Spyder Performante,forza.net/fh5cars
fh5,1417,2011 Audi RS 5 Coupe,forza.net/fh5cars
fh5,1418,1995 BMW M5,forza.net/fh5cars
fh5,1426,2011 McLaren 12C Coupé,forza.net/fh5cars
fh5,1427,2011 Pagani Huayra Coupe,forza.net/fh5cars
fh5,1428,2011 Volkswagen Scirocco R,forza.net/fh5cars
fh5,1429,1969 Chevrolet Nova Super Sport 396,forza.net/fh5cars
fh5,1435,1963 Volkswagen Beetle,forza.net/fh5cars
fh5,1451,2012 Ascari KZ1R,forza.net/fh5cars
fh5,1459,1957 Chevrolet Bel Air,forza.net/fh5cars
fh5,1460,2011 Ford Transit SuperSportVan,forza.net/fh5cars
fh5,1477,2011 Hot Wheels Bone Shaker,forza.net/fh5cars
fh5,1478,1986 Audi #2 Audi Sport quattro S1,forza.net/fh5cars
fh5,1482,1973 AMC Gremlin X,forza.net/fh5cars
fh5,1486,1966 Ford Lotus Cortina,forza.net/fh5cars
fh5,1493,1995 BMW 850CSi,forza.net/fh5cars
fh5,1496,2012 Jeep Wrangler Rubicon,forza.net/fh5cars
fh5,1500,2012 Mercedes-Benz SLK 55 AMG,forza.net/fh5cars
fh5,1510,1995 Ford Mustang SVT Cobra R,forza.net/fh5cars
fh5,1517,1992 Toyota Celica GT-Four RC ST185,forza.net/fh5cars
fh5,1522,2012 Lamborghini Aventador J,forza.net/fh5cars
fh5,1523,2012 Mercedes-Benz C 63 AMG Coupe Black Series,forza.net/fh5cars
fh5,1529,1973 Ford Capri RS3100,forza.net/fh5cars
fh5,1530,1940 Ford De Luxe Coupe,forza.net/fh5cars
fh5,1531,1983 GMC Vandura G-1500,forza.net/fh5cars
fh5,1532,2012 Hot Wheels Bad to the Blade,forza.net/fh5cars
fh5,1533,1977 Holden Torana A9X,forza.net/fh5cars
fh5,1536,1973 Alpine A110 1600s,forza.net/fh5cars
fh5,1539,2012 Porsche 911 GT2 RS,forza.net/fh5cars
fh5,1549,1968 Alfa Romeo 33 Stradale,forza.net/fh5cars
fh5,1559,1955 Mercedes-Benz 300 SLR,forza.net/fh5cars
fh5,1562,2013 Dodge SRT Viper GTS,forza.net/fh5cars
fh5,1564,1953 Chevrolet Corvette,forza.net/fh5cars
fh5,1568,1974 Honda Civic RS,forza.net/fh5cars
fh5,1572,"1970 AMC Rebel ""The Machine""",forza.net/fh5cars
fh5,1574,1958 Austin-Healey Sprite MkI,forza.net/fh5cars
fh5,1575,1988 Chevrolet Monte Carlo Super Sport,forza.net/fh5cars
fh5,1578,1962 Ferrari 250 GT Berlinetta Lusso,forza.net/fh5cars
fh5,1580,1973 Ford Escort RS1600,forza.net/fh5cars
fh5,1581,1956 Ford F-100,forza.net/fh5cars
fh5,1583,2012 Lamborghini Aventador LP700-4,forza.net/fh5cars
fh5,1585,1968 Lancia Fulvia Coupe Rallye 1.6 HF,forza.net/fh5cars
fh5,1586,1962 Lincoln Continental,forza.net/fh5cars
fh5,1591,1984 Peugeot 205 Turbo 16,forza.net/fh5cars
fh5,1592,1974 Toyota Celica GT,forza.net/fh5cars
fh5,1598,2010 BMW M3 GTS,forza.net/fh5cars
fh5,1599,2012 Hennessey Venom GT,forza.net/fh5cars
fh5,1601,2012 Lotus Exige S,forza.net/fh5cars
fh5,1607,2013 Audi RS 7 Sportback,forza.net/fh5cars
fh5,1615,1969 FIAT Dino 2.4 Coupe,forza.net/fh5cars
fh5,1619,1967 Mercedes-Benz 280 SL,forza.net/fh5cars
fh5,1627,2013 Mercedes-Benz G 65 AMG,forza.net/fh5cars
fh5,1651,2013 Aston Martin V12 Vantage S,forza.net/fh5cars
fh5,1652,2013 Caterham Superlight R500,forza.net/fh5cars
fh5,1653,2013 KTM X-Bow R,forza.net/fh5cars
fh5,1654,2013 Ford Shelby GT500,forza.net/fh5cars
fh5,1655,2013 SUBARU BRZ,forza.net/fh5cars
fh5,1658,2013 Mercedes-Benz A 45 AMG,forza.net/fh5cars
fh5,1661,1986 Lancia Delta S4,forza.net/fh5cars
fh5,1662,1965 MINI Cooper S,forza.net/fh5cars
fh5,1667,2013 McLaren P1,forza.net/fh5cars
fh5,1668,1969 Ford Mustang Boss 302,forza.net/fh5cars
fh5,2002,2012 Nissan GT-R Black Edition (R35),forza.net/fh5cars
fh5,2003,2012 MINI John Cooper Works GP,forza.net/fh5cars
fh5,2004,2013 Mazda MX-5,forza.net/fh5cars
fh5,2005,2009 Honda S2000 CR,forza.net/fh5cars
fh5,2006,1995 Chevrolet Corvette ZR-1,forza.net/fh5cars
fh5,2007,2013 Toyota 86,forza.net/fh5cars
fh5,2010,2013 Audi RS 4 Avant,forza.net/fh5cars
fh5,2011,2014 Ford Fiesta ST,forza.net/fh5cars
fh5,2017,1968 Abarth 595 esseesse,forza.net/fh5cars
fh5,2018,2013 BMW M6 Coupe,forza.net/fh5cars
fh5,2019,2003 Ford Focus RS,forza.net/fh5cars
fh5,2021,2013 Mercedes-Benz E 63 AMG,forza.net/fh5cars
fh5,2022,2013 Renault Clio R.S. 200 EDC,forza.net/fh5cars
fh5,2023,2013 Volvo C30 Polestar,forza.net/fh5cars
fh5,2034,2013 Ferrari LaFerrari,forza.net/fh5cars
fh5,2038,2014 Alfa Romeo 4C,forza.net/fh5cars
fh5,2040,2014 BAC Mono,forza.net/fh5cars
fh5,2042,2013 Lamborghini Veneno,forza.net/fh5cars
fh5,2049,1945 Willys MB Jeep,forza.net/fh5cars
fh5,2066,1926 Bugatti Type 35 C,forza.net/fh5cars
fh5,2068,1939 Maserati 8CTF,forza.net/fh5cars
fh5,2069,1939 Mercedes-Benz W154,forza.net/fh5cars
fh5,2096,1939 Auto Union Type D,forza.net/fh5cars
fh5,2105,2013 Donkervoort D8 GTO,forza.net/fh5cars
fh5,2108,2014 Jeep Grand Cherokee SRT,forza.net/fh5cars
fh5,2119,1984 Honda Civic CRX Mugen,forza.net/fh5cars
fh5,2121,1994 Honda Prelude Si,forza.net/fh5cars
fh5,2128,2013 Cadillac XTS Limousine,forza.net/fh5cars
fh5,2130,2013 Chevrolet Summit Racing Pro Stock Camaro,forza.net/fh5cars
fh5,2131,2014 HSV GEN-F GTS,forza.net/fh5cars
fh5,2133,2015 BMW i8,forza.net/fh5cars
fh5,2135,1997 Land Rover Defender 90,forza.net/fh5cars
fh5,2140,1980 SUBARU BRAT GL,forza.net/fh5cars
fh5,2142,2014 Volkswagen Golf R,forza.net/fh5cars
fh5,2145,2014 Ford Ranger T6 Rally Raid,forza.net/fh5cars
fh5,2146,2014 Local Motors Rally Fighter,forza.net/fh5cars
fh5,2147,1986 MG Metro 6R4,forza.net/fh5cars
fh5,2148,2013 MINI X-Raid ALL4 Racing Countryman,forza.net/fh5cars
fh5,2149,1993 Renault Clio Williams,forza.net/fh5cars
fh5,2151,1963 Volkswagen Type 2 De Luxe,forza.net/fh5cars
fh5,2154,2014 BMW M4 Coupe,forza.net/fh5cars
fh5,2158,1981 Ford Fiesta XR2,forza.net/fh5cars
fh5,2161,1965 Alfa Romeo Giulia TZ2,forza.net/fh5cars
fh5,2162,2015 Jaguar F-TYPE R Coupé,forza.net/fh5cars
fh5,2163,2016 Honda Civic Type R,forza.net/fh5cars
fh5,2164,2014 Lamborghini Huracán LP 610-4,forza.net/fh5cars
fh5,2168,2015 SUBARU WRX STI,forza.net/fh5cars
fh5,2171,2005 Mazda Mazdaspeed MX-5,forza.net/fh5cars
fh5,2173,2015 MG MG3,forza.net/fh5cars
fh5,2175,2015 Lexus RC F,forza.net/fh5cars
fh5,2176,1986 Lamborghini LM 002,forza.net/fh5cars
fh5,2177,2015 Chevrolet Corvette Z06,forza.net/fh5cars
fh5,2178,2001 Audi RS 4 Avant,forza.net/fh5cars
fh5,2179,2015 Audi S1,forza.net/fh5cars
fh5,2180,2015 Audi RS 6 Avant,forza.net/fh5cars
fh5,2181,2013 Audi R8 Coupe V10 plus 5.2 FSI quattro,forza.net/fh5cars
fh5,2182,2015 Audi TTS Coupe,forza.net/fh5cars
fh5,2183,2015 Chevrolet Camaro Z/28,forza.net/fh5cars
fh5,2184,2013 Ferrari 458 Speciale,forza.net/fh5cars
fh5,2185,2015 Jaguar XFR-S,forza.net/fh5cars
fh5,2187,1975 Ford Bronco,forza.net/fh5cars
fh5,2188,2015 Koenigsegg One:1,forza.net/fh5cars
fh5,2189,2015 McLaren 650S Coupe,forza.net/fh5cars
fh5,2194,2014 Ferrari California T,forza.net/fh5cars
fh5,2195,1980 FIAT 124 Sport Spider,forza.net/fh5cars
fh5,2209,1992 Mazda 323 GT-R,forza.net/fh5cars
fh5,2216,1958 Plymouth Fury,forza.net/fh5cars
fh5,2217,1996 SUBARU SVX,forza.net/fh5cars
fh5,2235,2015 Jaguar XKR-S GT,forza.net/fh5cars
fh5,2242,2015 Mercedes-AMG GT S,forza.net/fh5cars
fh5,2258,1970 Volkswagen #1107 Desert Dingo Racing Stock Bug,forza.net/fh5cars
fh5,2262,2016 Cadillac ATS-V,forza.net/fh5cars
fh5,2263,2015 Dodge Challenger SRT Hellcat,forza.net/fh5cars
fh5,2267,2016 Mazda MX-5,forza.net/fh5cars
fh5,2270,1973 Nissan Skyline H/T 2000GT-R,forza.net/fh5cars
fh5,2289,2014 Porsche 911 Turbo S,forza.net/fh5cars
fh5,2290,2014 Porsche 918 Spyder,forza.net/fh5cars
fh5,2293,2015 Porsche Cayman GTS,forza.net/fh5cars
fh5,2297,2012 Volkswagen Santana,forza.net/fh5cars
fh5,2352,2017 Acura NSX,forza.net/fh5cars
fh5,2357,2017 Ford Focus RS,forza.net/fh5cars
fh5,2363,2017 Ford GT,forza.net/fh5cars
fh5,2371,2014 Ferrari FXX K,forza.net/fh5cars
fh5,2372,1932 Ford De Luxe Five-Window Coupe,forza.net/fh5cars
fh5,2397,2017 Ford F-150 Raptor,forza.net/fh5cars
fh5,2400,2016 Ford Shelby GT350R,forza.net/fh5cars
fh5,2405,2000 Lotus 340R,forza.net/fh5cars
fh5,2412,1957 BMW Isetta 300 Export,forza.net/fh5cars
fh5,2416,1971 Meyers Manx,forza.net/fh5cars
fh5,2417,1973 Holden HQ Monaro GTS 350,forza.net/fh5cars
fh5,2420,1984 Opel Manta 400,forza.net/fh5cars
fh5,2421,2016 Cadillac CTS-V Sedan,forza.net/fh5cars
fh5,2422,2014 HSV Limited Edition Gen-F GTS Maloo,forza.net/fh5cars
fh5,2423,1969 Lola #6 Penske Sunoco T70 MkIIIB,forza.net/fh5cars
fh5,2424,2015 Mercedes-Benz #24 Tankpool24 Racing Truck,forza.net/fh5cars
fh5,2427,2016 Vauxhall Corsa VXR,forza.net/fh5cars
fh5,2428,2016 W Motors Lykan HyperSport,forza.net/fh5cars
fh5,2430,2016 Ariel Nomad,forza.net/fh5cars
fh5,2431,2015 BMW X6 M,forza.net/fh5cars
fh5,2432,1975 DS Automobiles DS 23,forza.net/fh5cars
fh5,2437,2015 Infiniti Q60 Concept,forza.net/fh5cars
fh5,2467,2015 Ferrari 488 GTB,forza.net/fh5cars
fh5,2468,2015 Dodge Charger SRT Hellcat,forza.net/fh5cars
fh5,2469,1965 Toyota Sports 800,forza.net/fh5cars
fh5,2471,2016 Mercedes-AMG C 63 S Coupe,forza.net/fh5cars
fh5,2472,2015 McLaren 570S Coupe,forza.net/fh5cars
fh5,2473,2016 Audi R8 V10 plus,forza.net/fh5cars
fh5,2474,2016 Zenvo ST1,forza.net/fh5cars
fh5,2475,2016 Spania GTA GTA Spano,forza.net/fh5cars
fh5,2477,2016 BMW M2 Coupé,forza.net/fh5cars
fh5,2479,2016 Lamborghini Aventador Superveloce,forza.net/fh5cars
fh5,2486,2015 Radical RXC Turbo,forza.net/fh5cars
fh5,2489,2016 Abarth 695 Biposto,forza.net/fh5cars
fh5,2492,2016 Jaguar F-TYPE Project 7,forza.net/fh5cars
fh5,2493,2015 Aston Martin Vantage GT12,forza.net/fh5cars
fh5,2494,2015 Land Rover Range Rover Sport SVR,forza.net/fh5cars
fh5,2504,1946 Ford Super Deluxe Station Wagon,forza.net/fh5cars
fh5,2507,1955 Chevrolet 150 Utility Sedan,forza.net/fh5cars
fh5,2510,1974 Holden Sandman HQ panel van,forza.net/fh5cars
fh5,2511,1976 Jeep CJ5 Renegade,forza.net/fh5cars
fh5,2512,1987 Nissan Skyline GTS-R (HR31),forza.net/fh5cars
fh5,2517,2014 Ford #11 Rockstar F-150 Trophy Truck,forza.net/fh5cars
fh5,2521,2015 Polaris RZR XP 1000 EPS,forza.net/fh5cars
fh5,2526,2016 Koenigsegg Regera,forza.net/fh5cars
fh5,2527,2017 Aston Martin DB11,forza.net/fh5cars
fh5,2528,2016 Porsche 911 GT3 RS,forza.net/fh5cars
fh5,2529,2016 Porsche Cayman GT4,forza.net/fh5cars
fh5,2534,1993 Porsche 968 Turbo S,forza.net/fh5cars
fh5,2541,2016 Lotus 3-Eleven,forza.net/fh5cars
fh5,2542,2017 Alfa Romeo Giulia Quadrifoglio,forza.net/fh5cars
fh5,2543,2016 Ford #66 Ford Racing GTLM Le Mans,forza.net/fh5cars
fh5,2544,2016 Dodge Viper ACR,forza.net/fh5cars
fh5,2549,1970 Porsche #3 917 LH,forza.net/fh5cars
fh5,2551,2014 Ford FPV Limited Edition Pursuit Ute,forza.net/fh5cars
fh5,2552,2015 Alumicraft Class 10 Race Car,forza.net/fh5cars
fh5,2558,1970 International Scout 800A,forza.net/fh5cars
fh5,2559,1959 Jaguar Mk II 3.8,forza.net/fh5cars
fh5,2560,1972 Land Rover Series III,forza.net/fh5cars
fh5,2562,2014 Morgan 3 Wheeler,forza.net/fh5cars
fh5,2563,1972 Reliant Supervan III,forza.net/fh5cars
fh5,2566,1979 Toyota FJ40,forza.net/fh5cars
fh5,2568,1969 Volkswagen Class 5/1600 Baja Bug,forza.net/fh5cars
fh5,2569,2015 Ultima Evolution Coupe 1020,forza.net/fh5cars
fh5,2570,2015 Jaguar XE-S,forza.net/fh5cars
fh5,2571,2017 Jaguar F-PACE S,forza.net/fh5cars
fh5,2574,2554 AMG Transport Dynamics M12S Warthog CST,forza.net/fh5cars
fh5,2575,2011 Koenigsegg Agera,forza.net/fh5cars
fh5,2576,2005 Hot Wheels Ford Mustang,forza.net/fh5cars
fh5,2577,2015 Ferrari F12tdf,forza.net/fh5cars
fh5,2580,2015 Ford Falcon GT F 351,forza.net/fh5cars
fh5,2584,1985 HDT VK Commodore Group A,forza.net/fh5cars
fh5,2585,1972 Ford Falcon XA GT-HO,forza.net/fh5cars
fh5,2586,2015 Volvo V60 Polestar,forza.net/fh5cars
fh5,2613,1970 GMC Jimmy,forza.net/fh5cars
fh5,2614,1968 Ford Mustang GT 2+2 Fastback,forza.net/fh5cars
fh5,2616,2016 Lamborghini Centenario LP 770-4,forza.net/fh5cars
fh5,2618,2017 Nissan GT-R (R35),forza.net/fh5cars
fh5,2624,2018 Bugatti Chiron,forza.net/fh5cars
fh5,2625,2016 Bentley Bentayga,forza.net/fh5cars
fh5,2628,2016 BMW M4 GTS,forza.net/fh5cars
fh5,2636,1993 Toyota #1 T100 Baja Truck,forza.net/fh5cars
fh5,2647,2016 Pagani Huayra BC,forza.net/fh5cars
fh5,2648,2016 Hoonigan Gymkhana 9 Ford Focus RS RX,forza.net/fh5cars
fh5,2649,2010 Ford Crown Victoria Police Interceptor,forza.net/fh5cars
fh5,2652,1997 Mitsubishi Montero Evolution,forza.net/fh5cars
fh5,2654,2017 Mercedes-AMG GT R,forza.net/fh5cars
fh5,2656,2007 Toyota Hilux Arctic Trucks AT38,forza.net/fh5cars
fh5,2659,1998 Porsche 911 GT1 Strassenversion,forza.net/fh5cars
fh5,2662,2016 Nissan Titan Warrior Concept,forza.net/fh5cars
fh5,2663,2016 RJ Anderson #37 Polaris RZR-Rockstar Energy Pro 2 Truck,forza.net/fh5cars
fh5,2665,2017 Bentley Continental Supersports,forza.net/fh5cars
fh5,2699,1965 MINI Cooper S Forza Edition,forza.net/fh5cars
fh5,2728,1955 Hoonigan Chevrolet Bel Air,forza.net/fh5cars
fh5,2729,1972 Hoonigan Chevrolet Napalm Nova,forza.net/fh5cars
fh5,2730,1978 Hoonigan Ford Escort RS1800,forza.net/fh5cars
fh5,2732,1992 Hoonigan Mazda RX-7 Twerkstallion,forza.net/fh5cars
fh5,2734,1965 Hoonigan Ford Hoonicorn Mustang,forza.net/fh5cars
fh5,2736,1991 Hoonigan Rauh-Welt Begriff Porsche 911 Turbo,forza.net/fh5cars
fh5,2738,1995 Nissan NISMO GT-R LM,forza.net/fh5cars
fh5,2739,2017 Chevrolet Camaro ZL1,forza.net/fh5cars
fh5,2740,2017 Abarth 124 Spider,forza.net/fh5cars
fh5,2741,2017 Porsche Panamera Turbo,forza.net/fh5cars
fh5,2742,2016 Jeep Trailcat,forza.net/fh5cars
fh5,2743,2016 Toyota Land Cruiser Arctic Trucks AT37,forza.net/fh5cars
fh5,2744,2004 Nissan Pickup #23 Rally Raid,forza.net/fh5cars
fh5,2745,2015 Honda Ridgeline Baja Trophy Truck,forza.net/fh5cars
fh5,2750,1969 Hot Wheels Twin Mill,forza.net/fh5cars
fh5,2751,2012 Jaguar XKR-S,forza.net/fh5cars
fh5,2755,2018 Porsche 911 GT2 RS,forza.net/fh5cars
fh5,2773,2018 Porsche Cayenne Turbo,forza.net/fh5cars
fh5,2775,2017 Porsche #92 Porsche GT Team 911 RSR,forza.net/fh5cars
fh5,2792,1966 Ford #2 GT40 MkII,forza.net/fh5cars
fh5,2793,1967 Ferrari #24 Ferrari Spa 330 P4,forza.net/fh5cars
fh5,2822,1985 Nissan Safari Turbo,forza.net/fh5cars
fh5,2825,1997 Lotus Elise GT1,forza.net/fh5cars
fh5,2838,2017 Ram 2500 Power Wagon,forza.net/fh5cars
fh5,2839,2018 Dodge Durango SRT,forza.net/fh5cars
fh5,2841,2018 Jaguar I-PACE,forza.net/fh5cars
fh5,2844,2017 VUHL 05RR,forza.net/fh5cars
fh5,2846,2018 McLaren 720S Coupe,forza.net/fh5cars
fh5,2847,2017 Chevrolet Colorado ZR2,forza.net/fh5cars
fh5,2865,2017 Maserati Levante S,forza.net/fh5cars
fh5,2869,1971 Porsche #23 917/20,forza.net/fh5cars
fh5,2870,2018 Honda Civic Type R,forza.net/fh5cars
fh5,2871,2018 Can-Am Maverick X RS Turbo R,forza.net/fh5cars
fh5,2872,2019 Hyundai Veloster N,forza.net/fh5cars
fh5,2874,2018 Nissan Sentra NISMO,forza.net/fh5cars
fh5,2908,2012 Ferrari 599XX Evoluzione,forza.net/fh5cars
fh5,2909,2018 Dodge Challenger SRT Demon,forza.net/fh5cars
fh5,2910,2017 Koenigsegg Agera RS,forza.net/fh5cars
fh5,2911,1953 Morris Minor 1000,forza.net/fh5cars
fh5,2930,1932 Ford De Luxe Five-Window Coupe Forza Edition,forza.net/fh5cars
fh5,2935,2018 Funco Motorsports F9,forza.net/fh5cars
fh5,2937,2017 Ford #14 Rahal Letterman Lanigan Racing GRC Fiesta,forza.net/fh5cars
fh5,2941,2011 Lamborghini Sesto Elemento Forza Edition,forza.net/fh5cars
fh5,2947,2015 Mercedes-Benz #24 Tankpool24 Racing Truck Forza Edition,forza.net/fh5cars
fh5,2948,1998 Mitsubishi FTO GP Version R,forza.net/fh5cars
fh5,2951,2003 Nissan Fairlady Z Forza Edition,forza.net/fh5cars
fh5,2964,1953 Morris Minor 1000 Forza Edition,forza.net/fh5cars
fh5,2968,2023 Aston Martin Valkyrie,forza.net/fh5cars
fh5,2972,2019 Ferrari #62 Risi Competitizione 488 GTE,forza.net/fh5cars
fh5,2973,2017 Alpine A110,forza.net/fh5cars
fh5,2974,2017 Ferrari 812 Superfast,forza.net/fh5cars
fh5,2976,1930 Bentley 8 Litre,forza.net/fh5cars
fh5,2979,1959 Ford Anglia 105E,forza.net/fh5cars
fh5,2980,1964 Ford GT40 Mk I,forza.net/fh5cars
fh5,2981,1986 Ford Escort RS Turbo,forza.net/fh5cars
fh5,2982,1977 Hoonigan Gymkhana 10 Ford F-150 'Hoonitruck',forza.net/fh5cars
fh5,2984,1991 Hoonigan Gymkhana 10 Ford Escort Cosworth Group A,forza.net/fh5cars
fh5,2985,1973 Land Rover Range Rover,forza.net/fh5cars
fh5,2986,2014 Mercedes-Benz Unimog U5023,forza.net/fh5cars
fh5,2987,1962 Peel P50,forza.net/fh5cars
fh5,2988,2018 McLaren Senna,forza.net/fh5cars
fh5,2989,1933 Napier Napier-Railton,forza.net/fh5cars
fh5,2992,1964 Jaguar Lightweight E-Type,forza.net/fh5cars
fh5,2993,2018 TVR Griffith,forza.net/fh5cars
fh5,2995,1983 Volkswagen Golf GTI,forza.net/fh5cars
fh5,2996,2015 Formula Drift #13 Ford Mustang,forza.net/fh5cars
fh5,2997,2016 Formula Drift #530 HSV Maloo Gen-F,forza.net/fh5cars
fh5,3000,1997 Formula Drift #777 Nissan 240SX,forza.net/fh5cars
fh5,3003,2006 Formula Drift #43 Dodge Viper SRT10,forza.net/fh5cars
fh5,3005,1965 Peel Trident,forza.net/fh5cars
fh5,3006,1965 Hoonigan Gymkhana 10 Ford Hoonicorn Mustang,forza.net/fh5cars
fh5,3007,2017 Volkswagen #34 Volkswagen Andretti Rallycross Beetle,forza.net/fh5cars
fh5,3020,1973 Volkswagen Thing,forza.net/fh5cars
fh5,3021,1966 Porsche 906 Carrera 6,forza.net/fh5cars
fh5,3026,1929 Mercedes-Benz SSK,forza.net/fh5cars
fh5,3031,1985 Porsche #185 959 Prodrive Rally Raid,forza.net/fh5cars
fh5,3035,2018 KTM X-Bow GT4,forza.net/fh5cars
fh5,3036,1959 Porsche 356 A 1600 Super,forza.net/fh5cars
fh5,3037,1989 Formula Drift #98 BMW 325i,forza.net/fh5cars
fh5,3046,2018 Ford Mustang GT,forza.net/fh5cars
fh5,3051,2017 Ford M-Sport Fiesta RS,forza.net/fh5cars
fh5,3055,2010 Jaguar C-X75,forza.net/fh5cars
fh5,3062,1970 Ferrari 512 S,forza.net/fh5cars
fh5,3063,2018 Mercedes-Benz X-Class,forza.net/fh5cars
fh5,3064,2018 Mercedes-AMG GT 4-Door Coupe,forza.net/fh5cars
fh5,3069,2016 Honda Civic Coupe,forza.net/fh5cars
fh5,3071,2018 BMW M5,forza.net/fh5cars
fh5,3072,2019 Porsche 911 GT3 RS,forza.net/fh5cars
fh5,3073,2018 BMW #1 BMW M Motorsport M8 GTE,forza.net/fh5cars
fh5,3074,2019 Porsche Macan Turbo,forza.net/fh5cars
fh5,3078,1966 Volkswagen Double Cab Pick-Up,forza.net/fh5cars
fh5,3082,2008 Maserati MC12 Versione Corsa,forza.net/fh5cars
fh5,3085,2018 DeBerti Ford Mustang GT,forza.net/fh5cars
fh5,3087,2014 McLaren 650S Spider,forza.net/fh5cars
fh5,3088,2018 DeBerti Chevrolet Silverado 1500 Drift Truck,forza.net/fh5cars
fh5,3089,2018 Exomotive Exocet Off-Road,forza.net/fh5cars
fh5,3091,2019 Aston Martin Vantage,forza.net/fh5cars
fh5,3093,2018 Ford #25 Mustang RTR,forza.net/fh5cars
fh5,3094,2018 Morgan Aero GT,forza.net/fh5cars
fh5,3097,1953 Jaguar C-Type,forza.net/fh5cars
fh5,3107,2014 Mercedes-Benz G 63 AMG 6x6,forza.net/fh5cars
fh5,3108,2018 Ford Mustang RTR Spec 5,forza.net/fh5cars
fh5,3109,2018 DeBerti F-150 Prerunner Truck,forza.net/fh5cars
fh5,3110,2018 DeBerti Wrangler Unlimited,forza.net/fh5cars
fh5,3111,1951 Porsche #46 356 SL Gmünd Coupe,forza.net/fh5cars
fh5,3112,2017 Ferrari #25 Corse Clienti 488 Challenge,forza.net/fh5cars
fh5,3115,2016 Hoonigan Gymkhana 10 Ford Focus RS RX,forza.net/fh5cars
fh5,3116,1953 Morris Minor Series II Traveler,forza.net/fh5cars
fh5,3117,2018 Porsche 718 Cayman GTS,forza.net/fh5cars
fh5,3118,2019 Chevrolet Corvette ZR1,forza.net/fh5cars
fh5,3119,1986 Hoonigan Ford RS200 Evolution,forza.net/fh5cars
fh5,3120,2019 Lamborghini Urus,forza.net/fh5cars
fh5,3122,2017 Ferrari GTC4Lusso,forza.net/fh5cars
fh5,3123,2019 Porsche 911 Carrera S,forza.net/fh5cars
fh5,3125,2017 Aston Martin Vanquish Zagato Coupe,forza.net/fh5cars
fh5,3126,1965 Ford Transit,forza.net/fh5cars
fh5,3128,2017 Ford #25 'Brocky' Ultra4 Bronco RTR,forza.net/fh5cars
fh5,3129,2008 Renault Mégane R26.R,forza.net/fh5cars
fh5,3131,2018 MINI John Cooper Works Countryman ALL4,forza.net/fh5cars
fh5,3132,2018 MINI X-Raid John Cooper Works Buggy,forza.net/fh5cars
fh5,3134,2018 Renault Megane R.S.,forza.net/fh5cars
fh5,3136,2018 Land Rover Range Rover Velar First Edition,forza.net/fh5cars
fh5,3140,2019 Rimac Concept Two,forza.net/fh5cars
fh5,3141,2018 Apollo Intensa Emozione 'Welcome Pack',forza.net/fh5cars
fh5,3142,1965 Morris Mini-Traveller,forza.net/fh5cars
fh5,3149,2018 Chevrolet Camaro ZL1 1LE,forza.net/fh5cars
fh5,3150,1964 Porsche 356 C Cabriolet Emory Special,forza.net/fh5cars
fh5,3151,2018 Ford #88 Mustang RTR,forza.net/fh5cars
fh5,3153,2018 McLaren 600LT Coupe,forza.net/fh5cars
fh5,3154,2019 McLaren 720S Spider,forza.net/fh5cars
fh5,3156,2019 McLaren Speedtail,forza.net/fh5cars
fh5,3160,1995 Porsche 911 Carrera 2 by Gunther Werks,forza.net/fh5cars
fh5,3163,2018 Chevrolet Hot Wheels COPO Camaro,forza.net/fh5cars
fh5,3164,2018 Jeep Grand Cherokee Trackhawk,forza.net/fh5cars
fh5,3167,1970 Ford GT70,forza.net/fh5cars
fh5,3168,2019 Bugatti Divo,forza.net/fh5cars
fh5,3169,2008 Dodge Magnum SRT8,forza.net/fh5cars
fh5,3170,1994 Ford Supervan 3,forza.net/fh5cars
fh5,3172,1991 Bentley Turbo R,forza.net/fh5cars
fh5,3173,2019 BMW Z4 Roadster,forza.net/fh5cars
fh5,3174,2019 Ford Ranger Raptor,forza.net/fh5cars
fh5,3175,1992 Mercedes-Benz 500 E,forza.net/fh5cars
fh5,3176,1987 Mercedes-Benz AMG Hammer Coupe,forza.net/fh5cars
fh5,3177,1987 Mercedes-Benz AMG Hammer Wagon,forza.net/fh5cars
fh5,3178,2006 Mercedes-Benz E 55 AMG Wagon,forza.net/fh5cars
fh5,3180,1991 Peugeot 205 Rallye,forza.net/fh5cars
fh5,3181,1986 Ford Mustang SVO,forza.net/fh5cars
fh5,3182,2016 Renault Clio R.S. 16 Concept,forza.net/fh5cars
fh5,3183,1967 Ford Racing Escort Mk1,forza.net/fh5cars
fh5,3184,1977 Ford #5 Escort RS1800 MkII,forza.net/fh5cars
fh5,3185,2019 Aston Martin DBS Superleggera,forza.net/fh5cars
fh5,3187,2018 Porsche Macan LPR Rally Raid,forza.net/fh5cars
fh5,3188,1989 Porsche #65 Rothsport Racing 911 'Desert Flyer',forza.net/fh5cars
fh5,3189,2019 Hennessey VelociRaptor 6x6,forza.net/fh5cars
fh5,3190,2003 Ford F-150 SVT Lightning,forza.net/fh5cars
fh5,3191,1973 Lamborghini Espada 400 GT,forza.net/fh5cars
fh5,3194,2018 Italdesign Zerouno,forza.net/fh5cars
fh5,3195,2018 ATS GT,forza.net/fh5cars
fh5,3196,2019 RAESR Tachyon Speed,forza.net/fh5cars
fh5,3197,2018 Mercedes-AMG GT3,forza.net/fh5cars
fh5,3199,2003 Ford Mustang SVT Cobra,forza.net/fh5cars
fh5,3201,1966 Oldsmobile Toronado,forza.net/fh5cars
fh5,3206,1970 Mercury Cyclone Spoiler,forza.net/fh5cars
fh5,3211,2017 Aston Martin Vulcan AMR Pro,forza.net/fh5cars
fh5,3212,2019 Zenvo TSR-S,forza.net/fh5cars
fh5,3214,2019 Porsche #70 Porsche Motorsport 935,forza.net/fh5cars
fh5,3215,2019 Porsche 911 Speedster,forza.net/fh5cars
fh5,3217,2018 Lamborghini Huracán Performante,forza.net/fh5cars
fh5,3218,2018 Porsche 911 GT3 R,forza.net/fh5cars
fh5,3225,2018 Ferrari Portofino,forza.net/fh5cars
fh5,3226,2017 Ferrari J50,forza.net/fh5cars
fh5,3227,2019 Ferrari 488 Pista,forza.net/fh5cars
fh5,3228,1999 Ford Racing Puma,forza.net/fh5cars
fh5,3232,2013 Formula Drift #777 Chevrolet Corvette,forza.net/fh5cars
fh5,3235,1982 Volkswagen Pickup LX,forza.net/fh5cars
fh5,3239,2018 Lamborghini #63 Squadra Corse Huracán Super Trofeo Evo,forza.net/fh5cars
fh5,3241,2018 SUBARU WRX STI ARX Supercar,forza.net/fh5cars
fh5,3242,2014 Cadillac CTS-V Sport Wagon,forza.net/fh5cars
fh5,3244,1964 Plymouth Belvedere,forza.net/fh5cars
fh5,3247,2018 Formula Drift #64 Nissan 370Z,forza.net/fh5cars
fh5,3248,1990 Porsche 911 Reimagined by Singer - DLS,forza.net/fh5cars
fh5,3249,2007 Formula Drift #117 599 GTB Fiorano,forza.net/fh5cars
fh5,3250,2018 Mercedes-AMG E 63 S,forza.net/fh5cars
fh5,3252,1949 Hot Wheels Ford F-5 Dually Custom Hot Rod,forza.net/fh5cars
fh5,3255,2020 Jeep Gladiator Rubicon,forza.net/fh5cars
fh5,3257,1990 Nissan Pulsar GTi-R,forza.net/fh5cars
fh5,3261,1968 Renault 4L Export,forza.net/fh5cars
fh5,3264,2018 Audi RS 5 Coupé,forza.net/fh5cars
fh5,3271,2005 MG XPower SV-R,forza.net/fh5cars
fh5,3274,1990 Aston Martin Lagonda,forza.net/fh5cars
fh5,3276,2018 Saleen S1,forza.net/fh5cars
fh5,3277,2020 Ford Mustang Shelby GT500,forza.net/fh5cars
fh5,3281,2015 Cadillac #3 Cadillac Racing ATS-V.R,forza.net/fh5cars
fh5,3284,2019 Hennessey Camaro Exorcist,forza.net/fh5cars
fh5,3285,2019 Brabham BT62,forza.net/fh5cars
fh5,3286,2018 Audi TT RS,forza.net/fh5cars
fh5,3287,1991 Jaguar Sport XJR-15,forza.net/fh5cars
fh5,3288,1993 Schuppan 962CR,forza.net/fh5cars
fh5,3289,2018 Lamborghini Aventador SVJ,forza.net/fh5cars
fh5,3293,1993 Jaguar XJ220S TWR,forza.net/fh5cars
fh5,3307,2019 Nissan 370Z NISMO,forza.net/fh5cars
fh5,3311,2018 Ferrari FXX-K EVO,forza.net/fh5cars
fh5,3312,2019 Ferrari Monza SP2,forza.net/fh5cars
fh5,3315,2020 Koenigsegg Jesko,forza.net/fh5cars
fh5,3318,2018 Audi RS 4 Avant,forza.net/fh5cars
fh5,3320,2019 Italdesign DaVinci Concept,forza.net/fh5cars
fh5,3331,2006 Noble M400,forza.net/fh5cars
fh5,3334,2019 Elemental RP1,forza.net/fh5cars
fh5,3359,2021 Audi RS e-tron GT,forza.net/fh5cars
fh5,3360,2020 Automobili Pininfarina Battista,forza.net/fh5cars
fh5,3364,2019 Aston Martin Valhalla Concept Car,forza.net/fh5cars
fh5,3366,2016 NIO EP9,forza.net/fh5cars
fh5,3367,2019 Ferrari F8 Tributo,forza.net/fh5cars
fh5,3369,2020 Chevrolet Corvette Stingray Coupe,forza.net/fh5cars
fh5,3370,1994 Hoonigan Ford Escort RS Cosworth WRC 'Cossie V2',forza.net/fh5cars
fh5,3371,2020 Lamborghini Huracán EVO,forza.net/fh5cars
fh5,3373,2019 Toyota 4Runner TRD Pro,forza.net/fh5cars
fh5,3374,2019 Toyota Tacoma TRD Pro,forza.net/fh5cars
fh5,3395,1967 Renault 8 Gordini,forza.net/fh5cars
fh5,3400,2009 Formula Drift #99 Mazda RX-8,forza.net/fh5cars
fh5,3402,2020 Toyota GR Supra,forza.net/fh5cars
fh5,3404,2020 Ford #2069 Ford Performance Bronco R,forza.net/fh5cars
fh5,3405,2018 Hot Wheels 2JetZ,forza.net/fh5cars
fh5,3407,1957 Hot Wheels Nash Metropolitan Custom,forza.net/fh5cars
fh5,3411,1995 Formula Drift #34 Toyota Supra MKIV,forza.net/fh5cars
fh5,3412,2019 SUBARU STI S209,forza.net/fh5cars
fh5,3413,2021 Volkswagen Golf R,forza.net/fh5cars
fh5,3414,2020 Land Rover Defender 110 X,forza.net/fh5cars
fh5,3415,1966 Jaguar XJ13,forza.net/fh5cars
fh5,3419,2020 Toyota Tundra TRD Pro,forza.net/fh5cars
fh5,3428,2019 Ginetta G10 RM,forza.net/fh5cars
fh5,3437,2020 McLaren GT,forza.net/fh5cars
fh5,3438,1961 DeBerti Ford Econoline 'Shop Rod',forza.net/fh5cars
fh5,3439,2019 DeBerti Ford Super Duty F-250 Lariat 'Transformer',forza.net/fh5cars
fh5,3441,2019 DeBerti Toyota Tacoma TRD The Performance Truck,forza.net/fh5cars
fh5,3445,2020 Porsche Taycan Turbo S,forza.net/fh5cars
fh5,3446,2017 Formula Drift #357 Chevrolet Corvette Z06,forza.net/fh5cars
fh5,3449,2020 Lotus Evija,forza.net/fh5cars
fh5,3453,2020 Audi RS 3 Sedan,forza.net/fh5cars
fh5,3454,2020 Audi TT RS Coupe,forza.net/fh5cars
fh5,3457,2020 Lexus #14 VASSER SULLIVAN RC F GT3,forza.net/fh5cars
fh5,3476,2020 Ford Super Duty F-450 DRW Platinum,forza.net/fh5cars
fh5,3477,2020 Chevrolet Silverado LT Trail Boss,forza.net/fh5cars
fh5,3482,2021 McLaren 765LT,forza.net/fh5cars
fh5,3489,2021 Ford Bronco,forza.net/fh5cars
fh5,3490,2020 Chevrolet #3 Corvette Racing C8.R,forza.net/fh5cars
fh5,3492,2020 KTM X-Bow GT2,forza.net/fh5cars
fh5,3495,2006 Mosler MT900 GT3,forza.net/fh5cars
fh5,3498,2017 Saleen S7 LM,forza.net/fh5cars
fh5,3499,2020 Saleen Sportruck XR Black Label,forza.net/fh5cars
fh5,3508,1986 Citroën BX4TC,forza.net/fh5cars
fh5,3518,2020 BMW M8 Competition Coupe,forza.net/fh5cars
fh5,3520,2021 Lexus LC 500,forza.net/fh5cars
fh5,3523,2020 Formula Drift #151 Toyota GR Supra,forza.net/fh5cars
fh5,3524,2019 Formula Drift #411 Toyota Corolla Hatchback,forza.net/fh5cars
fh5,3528,2010 Forsberg Racing Toyota Gumout 2JZ Camry Stock Car,forza.net/fh5cars
fh5,3529,1975 Forsberg Racing Nissan Gold Leader Datsun 280Z,forza.net/fh5cars
fh5,3530,2021 Forsberg Racing Nissan 'Altimaniac',forza.net/fh5cars
fh5,3531,2014 Forsberg Racing Nissan 'SafariZ' 370Z Safari Rally Tribute,forza.net/fh5cars
fh5,3533,2022 Volkswagen Golf R,forza.net/fh5cars
fh5,3534,2021 MINI John Cooper Works GP,forza.net/fh5cars
fh5,3537,2020 MG #20 MG6 XPower,forza.net/fh5cars
fh5,3539,2020 SIERRA Cars #23 Yokohama ALPHA,forza.net/fh5cars
fh5,3540,2021 SIERRA Cars RX3,forza.net/fh5cars
fh5,3543,2021 Pagani Huayra R,forza.net/fh5cars
fh5,3546,2020 Lexus RC F Track Edition,forza.net/fh5cars
fh5,3547,2020 Xpeng P7,forza.net/fh5cars
fh5,3548,2013 Wuling Sunshine S,forza.net/fh5cars
fh5,3549,2021 Alumicraft #122 Class 1 Buggy,forza.net/fh5cars
fh5,3551,2020 Formula Drift #91 BMW M2,forza.net/fh5cars
fh5,3552,2020 Lynk & Co #100 Cyan Racing 03,forza.net/fh5cars
fh5,3553,1973 Hoonigan Volkswagen Baja Beetle Class 5/1600 'Scumbug',forza.net/fh5cars
fh5,3554,2005 Mitsubishi #1 Sierra Sierra Enterprises Lancer Evolution Time Attack,forza.net/fh5cars
fh5,3556,2011 BMW X5 M Forza Edition,forza.net/fh5cars
fh5,3559,1953 Chevrolet Corvette Forza Edition,forza.net/fh5cars
fh5,3561,1969 Dodge Charger R/T Forza Edition,forza.net/fh5cars
fh5,3562,2018 Exomotive Exocet Off-Road Forza Edition,forza.net/fh5cars
fh5,3564,1999 Ford Racing Puma Forza Edition,forza.net/fh5cars
fh5,3568,2010 Maserati Gran Turismo S Forza Edition,forza.net/fh5cars
fh5,3570,1971 Meyers Manx Forza Edition,forza.net/fh5cars
fh5,3572,2016 Pagani Huayra BC Forza Edition,forza.net/fh5cars
fh5,3573,1987 Pontiac Firebird Trans Am GTA Forza Edition,forza.net/fh5cars
fh5,3574,2019 Porsche 911 GT3 RS Forza Edition,forza.net/fh5cars
fh5,3577,1963 Volkswagen Beetle Forza Edition,forza.net/fh5cars
fh5,3580,2021 Aston Martin DBX,forza.net/fh5cars
fh5,3583,2021 Audi RS 6 Avant,forza.net/fh5cars
fh5,3584,2021 Audi RS 7 Sportback,forza.net/fh5cars
fh5,3588,2021 Bentley Flying Spur,forza.net/fh5cars
fh5,3590,1972 Chevrolet K10 Custom,forza.net/fh5cars
fh5,3594,2020 Ferrari Roma,forza.net/fh5cars
fh5,3595,2020 Ferrari SF90 Stradale,forza.net/fh5cars
fh5,3597,1986 Ford F-150 XLT Lariat,forza.net/fh5cars
fh5,3598,2021 Ford Mustang Mach-E 1400,forza.net/fh5cars
fh5,3599,2022 Gordon Murray Automotive T.50,forza.net/fh5cars
fh5,3600,2021 Hennessey Venom F5,forza.net/fh5cars
fh5,3602,2019 Jaguar XE SV Project 8,forza.net/fh5cars
fh5,3603,2019 Casey Currie Motorsports #4402 Ultra 4 'Trophy Jeep',forza.net/fh5cars
fh5,3604,2020 Jimco #179 Hammerhead Class 1,forza.net/fh5cars
fh5,3605,2019 Jimco #240 Fastball Racing Spec Trophy Truck,forza.net/fh5cars
fh5,3606,2020 Lamborghini Essenza SCV12,forza.net/fh5cars
fh5,3608,2020 Lamborghini Sián Roadster,forza.net/fh5cars
fh5,3616,2021 Mercedes-AMG GT Black Series,forza.net/fh5cars
fh5,3617,2021 Mercedes-AMG SL 63,forza.net/fh5cars
fh5,3620,2023 Nissan Z,forza.net/fh5cars
fh5,3622,2020 Nissan GT-R NISMO (R35),forza.net/fh5cars
fh5,3625,2021 Rimac Nevera,forza.net/fh5cars
fh5,3629,2021 Toyota GR Yaris,forza.net/fh5cars
fh5,3631,2022 Aston Martin Valkyrie AMR Pro,forza.net/fh5cars
fh5,3644,2021 BMW M3 Competition Sedan,forza.net/fh5cars
fh5,3645,2021 BMW M4 Competition Coupé,forza.net/fh5cars
fh5,3650,2021 Mercedes-AMG Mercedes-AMG ONE,forza.net/fh5cars
fh5,3655,2021 McLaren 620R,forza.net/fh5cars
fh5,3657,2022 Rivian R1T,forza.net/fh5cars
fh5,3658,2022 Rivian R1S,forza.net/fh5cars
fh5,3661,2018 Lotus Exige Cup 430,forza.net/fh5cars
fh5,3662,2021 RJ Anderson #37 Polaris RZR Pro 4 Truck,forza.net/fh5cars
fh5,3665,2021 SIERRA Cars 700R,forza.net/fh5cars
fh5,3667,2021 Porsche 911 GT3,forza.net/fh5cars
fh5,3668,2023 McLaren Artura,forza.net/fh5cars
fh5,3670,2001 Ford #4 Ford Focus RS,forza.net/fh5cars
fh5,3672,2020 Lamborghini Huracán STO,forza.net/fh5cars
fh5,3673,2020 Lamborghini SC20,forza.net/fh5cars
fh5,3676,2021 Hyundai #98 Bryan Herta Autosport Elantra N,forza.net/fh5cars
fh5,3677,2021 Lynk & Co 03+,forza.net/fh5cars
fh5,3678,2020 Hyundai I30 N,forza.net/fh5cars
fh5,3681,1998 Toyota Supra RZ 'Welcome Pack',forza.net/fh5cars
fh5,3682,2018 Apollo Intensa Emozione,forza.net/fh5cars
fh5,3683,2008 Mitsubishi Lancer Evolution X GSR 'Welcome Pack',forza.net/fh5cars
fh5,3684,2020 Ford #2069 Ford Performance Bronco R 'Welcome Pack',forza.net/fh5cars
fh5,3685,2020 Porsche Taycan Turbo S 'Welcome Pack',forza.net/fh5cars
fh5,3686,2021 Polaris RZR Pro XP Factory Racing Limited Edition,forza.net/fh5cars
fh5,3687,2021 Polaris RZR Pro XP Ultimate,forza.net/fh5cars
fh5,3689,2021 MG MG6 XPower,forza.net/fh5cars
fh5,3692,2022 Ford F-150 Lightning Platinum,forza.net/fh5cars
fh5,3693,2022 Alumicraft #6165 Trick Truck,forza.net/fh5cars
fh5,3696,1967 Shelby GT 500,forza.net/fh5cars
fh5,3697,2020 Jaguar F-Type SVR,forza.net/fh5cars
fh5,3698,2022 Porsche Mission R,forza.net/fh5cars
fh5,3699,2017 Ford GT 'OPI Edition',forza.net/fh5cars
fh5,3700,2021 McLaren Sabre,forza.net/fh5cars
fh5,3702,2013 Hot Wheels Baja Bone Shaker,forza.net/fh5cars
fh5,3703,2000 Hot Wheels Deora II,forza.net/fh5cars
fh5,3704,2012 Hot Wheels Rip Rod,forza.net/fh5cars
fh5,3706,1970 Hot Wheels Pontiac Firebird Trans Am Custom,forza.net/fh5cars
fh5,3708,2022 Extreme E #125 ABT Cupra XE,forza.net/fh5cars
fh5,3709,2022 Extreme E #22 JBXE,forza.net/fh5cars
fh5,3710,2022 Extreme E #23 Genesys Andretti United,forza.net/fh5cars
fh5,3711,2022 Extreme E #42 XITE Racing Team,forza.net/fh5cars
fh5,3712,2022 Extreme E #44 X44,forza.net/fh5cars
fh5,3713,2022 Extreme E #5 Veloce Racing,forza.net/fh5cars
fh5,3714,2022 Extreme E #55 ACCIONA / Sainz XE Team,forza.net/fh5cars
fh5,3715,2022 Extreme E #6 Rosberg X Racing,forza.net/fh5cars
fh5,3716,2023 Lotus Emira,forza.net/fh5cars
fh5,3719,2022 Cadillac CT4-V Blackwing,forza.net/fh5cars
fh5,3720,2022 Cadillac CT5-V Blackwing,forza.net/fh5cars
fh5,3722,2022 GMC HUMMER EV Pickup,forza.net/fh5cars
fh5,3724,2022 Ferrari 296 GTB,forza.net/fh5cars
fh5,3727,2022 Extreme E #58 McLaren Racing,forza.net/fh5cars
fh5,3728,2021 Bentley Continental GT Convertible,forza.net/fh5cars
fh5,3729,1976 Volkswagen SP-2,forza.net/fh5cars
fh5,3732,2021 Volkswagen ID.4,forza.net/fh5cars
fh5,3733,2022 Extreme E #99 Chip Ganassi Racing GMC Hummer EV,forza.net/fh5cars
fh5,3734,2022 BMW i4 eDrive40,forza.net/fh5cars
fh5,3735,2022 SUBARU BRZ,forza.net/fh5cars
fh5,3736,2022 Ford Bronco Raptor,forza.net/fh5cars
fh5,3737,2022 BMW iX xDrive50,forza.net/fh5cars
fh5,3740,2022 Hennessey Mammoth 6x6,forza.net/fh5cars
fh5,3741,1996 Formula Drift #51 Donut Media Nissan 240SX,forza.net/fh5cars
fh5,3742,2003 Nissan Donut Media 350Z 'Hi Car',forza.net/fh5cars
fh5,3743,2004 Nissan Donut Media 350Z 'Low Car',forza.net/fh5cars
fh5,3744,2023 Formula Drift #64 Forsberg Racing Nissan Z,forza.net/fh5cars
fh5,3746,2022 CUPRA Formentor VZ5,forza.net/fh5cars
fh5,3747,2022 CUPRA Tavascan Concept,forza.net/fh5cars
fh5,3748,2022 CUPRA UrbanRebel Concept,forza.net/fh5cars
fh5,3749,2013 Dodge SRT Viper GTS Anniversary Edition,forza.net/fh5cars
fh5,3753,2023 Lamborghini Huracán Tecnica,forza.net/fh5cars
fh5,3755,2022 Ford Supervan 4,forza.net/fh5cars
fh5,3757,2024 Czinger 21C,forza.net/fh5cars
fh5,3760,2022 Porsche 718 Cayman GT4 RS,forza.net/fh5cars
fh5,3761,2022 Toyota GR86,forza.net/fh5cars
fh5,3763,2023 BMW M2,forza.net/fh5cars
fh5,3764,2022 BMW M5 CS,forza.net/fh5cars
fh5,3766,2023 Chevrolet Corvette Z06,forza.net/fh5cars
fh5,3771,2024 Chevrolet Corvette E-Ray,forza.net/fh5cars
fh5,3774,2021 Lamborghini Countach LPI 800-4,forza.net/fh5cars
fh5,3775,2021 Lamborghini Aventador LP 780-4 Ultimae,forza.net/fh5cars
fh5,3781,2023 Porsche 911 GT3 RS,forza.net/fh5cars
fh5,3785,1997 Volvo 850 R,forza.net/fh5cars
fh5,3786,2013 Ariel Atom 500 V8,forza.net/fh5cars
fh5,3787,2022 Lynk & Co 05+,forza.net/fh5cars
fh5,3788,2022 Lynk & Co 02 Hatchback,forza.net/fh5cars
fh5,3789,2022 Wuling Hongguang Mini EV Macaron,forza.net/fh5cars
fh5,3791,2009 Pagani Zonda Cinque Roadster,forza.net/fh5cars
fh5,3793,2023 MG Cyberster,forza.net/fh5cars
fh5,3794,2022 MG MG7,forza.net/fh5cars
fh5,3795,2023 Meyers Manx 2.0 EV,forza.net/fh5cars
fh5,3808,1956 Chevrolet 'Barbie Movie' Corvette EV,forza.net/fh5cars
fh5,3809,2022 GMC 'Barbie Movie' HUMMER EV PICKUP,forza.net/fh5cars
fh5,3810,2010 Nissan Tsuru,forza.net/fh5cars
fh5,3811,2023 Lucid Air Sapphire,forza.net/fh5cars
fh5,3819,2022 SUBARU WRX,forza.net/fh5cars
fh5,3820,2022 Hyundai Kona N,forza.net/fh5cars
fh5,3823,2022 Mazda MX-5 Miata RF,forza.net/fh5cars
fh5,3827,2023 Hyundai IONIQ 5 N,forza.net/fh5cars
fh5,3828,2022 Hyundai IONIQ 6,forza.net/fh5cars
fh5,3829,2022 Hyundai N Vision 74,forza.net/fh5cars
fh5,3830,1992 Universal Studios Jeep Wrangler Sahara 'Jurassic Park',forza.net/fh5cars
fh5,3832,1973 Fast and Furious Datsun 240Z 'Fast X',forza.net/fh5cars
fh5,3835,1966 Fast and Furious Chevrolet Impala Super Sport 'Fast X',forza.net/fh5cars
fh5,3836,2022 Fast and Furious Dodge Charger SRT Hellcat Redeye Widebody 'Fast X',forza.net/fh5cars
fh5,3837,1970 Fast and Furious Dodge Charger 'Fast X',forza.net/fh5cars
fh5,3838,2022 Fast and Furious Flip Car 2.0 'Fast X',forza.net/fh5cars
fh5,3840,2023 Lamborghini Huracán Sterrato,forza.net/fh5cars
fh5,3846,2024 Ford Mustang GT,forza.net/fh5cars
fh5,3847,2024 Ford Mustang Dark Horse,forza.net/fh5cars
fh5,3848,2023 Toyota Camry TRD,forza.net/fh5cars
fh5,3849,2023 Ford F-150 Raptor R,forza.net/fh5cars
fh5,3850,2021 Dodge Durango SRT Hellcat,forza.net/fh5cars
fh5,3851,1991 Toyota Sera,forza.net/fh5cars
fh5,3854,1993 Autozam AZ-1,forza.net/fh5cars
fh5,3855,1991 Nissan Figaro,forza.net/fh5cars
fh5,3856,1987 Nissan Be-1,forza.net/fh5cars
fh5,3858,1997 Nissan Stagea Four V,forza.net/fh5cars
fh5,3860,1989 Nissan S-Cargo,forza.net/fh5cars
fh5,3864,2023 KIA EV6 GT,forza.net/fh5cars
fh5,3881,1981 Universal Studios Back to the Future Time Machine 1,forza.net/fh5cars
fh5,3882,1981 Universal Studios Back to the Future Time Machine 2,forza.net/fh5cars
fh5,3883,1981 Universal Studios Back to the Future Time Machine 3,forza.net/fh5cars
fh5,3884,1982 Universal Studios K.I.T.T.,forza.net/fh5cars
fh5,3886,1995 Mitsubishi Lancer Evolution III GSR,forza.net/fh5cars
fh5,3890,2023 Porsche Taycan Cross Turismo Turbo S,forza.net/fh5cars
fh5,3891,2024 Lamborghini Revuelto,forza.net/fh5cars
fh5,3896,1965 DeBerti Chevrolet C10 ‘Slayer’,forza.net/fh5cars
fh5,3903,2023 Ford Fiesta ST,forza.net/fh5cars
fh5,3904,2022 Ford Focus ST,forza.net/fh5cars
fh5,3910,2023 Porsche 911 Rallye,forza.net/fh5cars
fh5,3914,1991 Toyota Chaser GT Twin Turbo,forza.net/fh5cars
fh5,3921,2024 Nissan Z NISMO,forza.net/fh5cars
fh5,3929,1989 Nissan Pao,forza.net/fh5cars
fh5,3951,2023 Porsche 911 GT3 R,forza.net/fh5cars
fh5,3953,2023 Porsche 911 Turbo S,forza.net/fh5cars
fh5,3959,2022 Dodge Challenger SRT Super Stock,forza.net/fh5cars
fh5,3972,1969 Chevrolet Camaro Jordan Luka 3 Forza Edition,forza.net/fh5cars
fh5,9007,1994 Ford Supervan 3 'Donut Media Edition',forza.net/fh5cars
fm8,247,1969 Toyota 2000GT,pacefinder/fm8_cars.csv
fm8,249,1962 Ferrari 250 GTO,pacefinder/fm8_cars.csv
fm8,251,1954 Mercedes-Benz 300 SL Coupé,pacefinder/fm8_cars.csv
fm8,253,1994 Ferrari F355 Berlinetta,pacefinder/fm8_cars.csv
fm8,255,1992 Ferrari 512 TR,pacefinder/fm8_cars.csv
fm8,257,2002 Ferrari 575M Maranello,pacefinder/fm8_cars.csv
fm8,260,1973 Porsche 911 Carrera RS,pacefinder/fm8_cars.csv
fm8,261,1995 Porsche 911 GT2,pacefinder/fm8_cars.csv
fm8,262,2004 Porsche 911 GT3,pacefinder/fm8_cars.csv
fm8,263,2007 Porsche 911 GT3,pacefinder/fm8_cars.csv
fm8,265,1982 Porsche 911 Turbo 3.3,pacefinder/fm8_cars.csv
fm8,266,1970 Porsche 914/6,pacefinder/fm8_cars.csv
fm8,268,1989 Porsche 944 Turbo,pacefinder/fm8_cars.csv
fm8,269,1987 Porsche 959,pacefinder/fm8_cars.csv
fm8,278,2006 Vauxhall Astra VXR,pacefinder/fm8_cars.csv
fm8,281,0 Plymouth Barracuda,pacefinder/fm8_cars.csv
fm8,286,2004 Mercedes-Benz C 32 AMG,pacefinder/fm8_cars.csv
fm8,287,2002 Chevrolet Camaro 35th Anniversary Super Sport,pacefinder/fm8_cars.csv
fm8,289,1969 Chevrolet Camaro Super Sport Coupe,pacefinder/fm8_cars.csv
fm8,291,1990 Vauxhall Lotus Carlton,pacefinder/fm8_cars.csv
fm8,292,2003 Porsche Carrera GT,pacefinder/fm8_cars.csv
fm8,295,2003 Toyota Celica Sport Specialty II,pacefinder/fm8_cars.csv
fm8,297,2003 Ferrari 360 Challenge Stradale,pacefinder/fm8_cars.csv
fm8,299,1970 Chevrolet Chevelle Super Sport 454,pacefinder/fm8_cars.csv
fm8,302,2004 Honda Civic Type R,pacefinder/fm8_cars.csv
fm8,306,1965 Shelby Cobra 427 S/C,pacefinder/fm8_cars.csv
fm8,309,1995 Volkswagen Corrado VR6,pacefinder/fm8_cars.csv
fm8,312,1967 Chevrolet Corvette Stingray 427,pacefinder/fm8_cars.csv
fm8,314,2002 Chevrolet Corvette Z06,pacefinder/fm8_cars.csv
fm8,315,1970 Chevrolet Corvette ZR-1,pacefinder/fm8_cars.csv
fm8,316,1988 Lamborghini Countach LP5000 QV,pacefinder/fm8_cars.csv
fm8,320,1991 Honda CR-X SiR,pacefinder/fm8_cars.csv
fm8,323,1992 Lancia Delta HF Integrale EVO,pacefinder/fm8_cars.csv
fm8,324,1999 Lamborghini Diablo GTR,pacefinder/fm8_cars.csv
fm8,325,1997 Lamborghini Diablo SV,pacefinder/fm8_cars.csv
fm8,326,1969 Ferrari Dino 246 GT,pacefinder/fm8_cars.csv
fm8,327,1995 Mitsubishi Eclipse GSX,pacefinder/fm8_cars.csv
fm8,330,1971 Lotus Elan Sprint,pacefinder/fm8_cars.csv
fm8,333,2002 Ferrari Enzo Ferrari,pacefinder/fm8_cars.csv
fm8,335,2002 Lotus Esprit V8,pacefinder/fm8_cars.csv
fm8,336,1961 Jaguar E-type,pacefinder/fm8_cars.csv
fm8,338,1997 McLaren F1 GT,pacefinder/fm8_cars.csv
fm8,340,1987 Ferrari F40,pacefinder/fm8_cars.csv
fm8,342,1995 Ferrari F50,pacefinder/fm8_cars.csv
fm8,343,1969 Nissan Fairlady Z 432,pacefinder/fm8_cars.csv
fm8,344,2003 Nissan Fairlady Z,pacefinder/fm8_cars.csv
fm8,345,1994 Nissan Fairlady Z Version S Twin Turbo,pacefinder/fm8_cars.csv
fm8,348,2005 Ford Ford GT,pacefinder/fm8_cars.csv
fm8,349,1998 Mitsubishi FTO GP Version R,pacefinder/fm8_cars.csv
fm8,350,2003 Infiniti G35 Coupe,pacefinder/fm8_cars.csv
fm8,353,1992 Volkswagen Golf Gti 16v Mk2,pacefinder/fm8_cars.csv
fm8,354,2003 Volkswagen Golf R32,pacefinder/fm8_cars.csv
fm8,357,1997 Mitsubishi GTO,pacefinder/fm8_cars.csv
fm8,358,1984 Ferrari 288 GTO,pacefinder/fm8_cars.csv
fm8,363,1998 SUBARU Impreza 22B-STi Version,pacefinder/fm8_cars.csv
fm8,364,2004 SUBARU IMPREZA WRX STI,pacefinder/fm8_cars.csv
fm8,365,2005 Subaru Impreza WRX STI,pacefinder/fm8_cars.csv
fm8,368,2001 Acura Integra Type R,pacefinder/fm8_cars.csv
fm8,374,2006 Mitsubishi Lancer Evolution IX MR,pacefinder/fm8_cars.csv
fm8,375,1999 Mitsubishi Lancer Evolution VI GSR,pacefinder/fm8_cars.csv
fm8,378,2004 Mitsubishi Lancer Evolution VIII MR,pacefinder/fm8_cars.csv
fm8,382,1997 BMW M3,pacefinder/fm8_cars.csv
fm8,383,2005 BMW M3,pacefinder/fm8_cars.csv
fm8,391,2004 Maserati MC12,pacefinder/fm8_cars.csv
fm8,397,2005 Vauxhall Monaro VXR,pacefinder/fm8_cars.csv
fm8,398,1995 Toyota MR2 GT,pacefinder/fm8_cars.csv
fm8,405,2000 Ford SVT Cobra R,pacefinder/fm8_cars.csv
fm8,411,2005 Honda NSX-R,pacefinder/fm8_cars.csv
fm8,412,1992 Honda NSX-R,pacefinder/fm8_cars.csv
fm8,417,1970 Buick GSX,pacefinder/fm8_cars.csv
fm8,419,2006 Audi RS 4,pacefinder/fm8_cars.csv
fm8,420,2003 Audi RS 6,pacefinder/fm8_cars.csv
fm8,422,2002 Acura RSX Type-S,pacefinder/fm8_cars.csv
fm8,423,1990 Mazda Savanna RX-7,pacefinder/fm8_cars.csv
fm8,424,1997 Mazda RX-7,pacefinder/fm8_cars.csv
fm8,425,2002 Mazda RX-7 Spirit R Type-A,pacefinder/fm8_cars.csv
fm8,428,2004 Audi S4,pacefinder/fm8_cars.csv
fm8,432,2004 Saleen S7,pacefinder/fm8_cars.csv
fm8,433,2005 TVR Sagaris,pacefinder/fm8_cars.csv
fm8,439,1992 Nissan Silvia CLUB K’s,pacefinder/fm8_cars.csv
fm8,440,1994 Nissan Silvia K’s,pacefinder/fm8_cars.csv
fm8,441,2000 Nissan Silvia Spec-R,pacefinder/fm8_cars.csv
fm8,444,1993 Nissan Skyline GT-R V-Spec,pacefinder/fm8_cars.csv
fm8,445,2002 Nissan Skyline GT-R V-Spec II,pacefinder/fm8_cars.csv
fm8,453,2003 Renault Sport Clio V6,pacefinder/fm8_cars.csv
fm8,455,1985 Toyota Sprinter Trueno GT Apex,pacefinder/fm8_cars.csv
fm8,457,1996 Dodge Stealth R/T Turbo,pacefinder/fm8_cars.csv
fm8,460,1992 Toyota Supra 2.0 GT,pacefinder/fm8_cars.csv
fm8,461,1998 Toyota Supra RZ,pacefinder/fm8_cars.csv
fm8,462,1998 Eagle Talon TSi Turbo,pacefinder/fm8_cars.csv
fm8,479,2001 Aston Martin V12 Vanquish,pacefinder/fm8_cars.csv
fm8,483,1999 Dodge Viper GTS ACR,pacefinder/fm8_cars.csv
fm8,489,1993 Jaguar XJ220,pacefinder/fm8_cars.csv
fm8,498,2003 Bentley #7 Team Bentley Speed 8,pacefinder/fm8_cars.csv
fm8,505,1999 BMW #15 BMW Motorsport V12 LMR,pacefinder/fm8_cars.csv
fm8,513,1969 Dodge Charger R/T,pacefinder/fm8_cars.csv
fm8,524,1998 Ferrari #12 Risi Competizione F333 SP,pacefinder/fm8_cars.csv
fm8,540,1987 Porsche #17 Porsche AG 962c,pacefinder/fm8_cars.csv
fm8,550,1993 Peugeot #3 Peugeot Talbot Sport 905 EVO 1C,pacefinder/fm8_cars.csv
fm8,555,1999 Toyota #3 Toyota Motorsports GT-ONE TS020,pacefinder/fm8_cars.csv
fm8,565,2002 BMW M3-GTR,pacefinder/fm8_cars.csv
fm8,567,1998 Nissan R390 (GT1),pacefinder/fm8_cars.csv
fm8,568,1997 Mercedes-Benz CLK GTR,pacefinder/fm8_cars.csv
fm8,569,0 Honda NSX-R GT,pacefinder/fm8_cars.csv
fm8,633,1984 Audi Sport quattro,pacefinder/fm8_cars.csv
fm8,634,1980 Renault 5 Turbo,pacefinder/fm8_cars.csv
fm8,637,1967 Lamborghini Miura P400,pacefinder/fm8_cars.csv
fm8,639,1970 Dodge Challenger R/T,pacefinder/fm8_cars.csv
fm8,641,1997 Porsche 911 GT1 Strassenversion,pacefinder/fm8_cars.csv
fm8,642,1991 BMW M3,pacefinder/fm8_cars.csv
fm8,1005,1973 Pontiac Firebird Trans Am SD-455,pacefinder/fm8_cars.csv
fm8,1007,0 Koenigsegg 2008 CCGT,pacefinder/fm8_cars.csv
fm8,1009,2008 Mitsubishi Lancer Evolution X GSR,pacefinder/fm8_cars.csv
fm8,1011,2008 BMW M3,pacefinder/fm8_cars.csv
fm8,1020,1996 Ferrari F50 GT,pacefinder/fm8_cars.csv
fm8,1022,2007 Ferrari 430 Scuderia,pacefinder/fm8_cars.csv
fm8,1023,1989 Ferrari F40 Competizione,pacefinder/fm8_cars.csv
fm8,1032,2007 Alfa Romeo 8C Competizione,pacefinder/fm8_cars.csv
fm8,1033,1990 Chevrolet Camaro IROC-Z,pacefinder/fm8_cars.csv
fm8,1034,1994 Toyota Celica GT-Four ST205,pacefinder/fm8_cars.csv
fm8,1040,1981 BMW M1,pacefinder/fm8_cars.csv
fm8,1041,1993 Ford SVT Cobra R,pacefinder/fm8_cars.csv
fm8,1042,1971 Nissan Skyline 2000GT-R,pacefinder/fm8_cars.csv
fm8,1043,1997 Nissan Skyline GT-R V-Spec,pacefinder/fm8_cars.csv
fm8,1045,1987 Pontiac Firebird Trans Am GTA,pacefinder/fm8_cars.csv
fm8,1046,2008 Dodge Viper SRT10 ACR,pacefinder/fm8_cars.csv
fm8,1059,2008 BMW Z4 M Coupe,pacefinder/fm8_cars.csv
fm8,1060,2008 SUBARU IMPREZA WRX STI,pacefinder/fm8_cars.csv
fm8,1063,1969 Dodge Charger Daytona HEMI,pacefinder/fm8_cars.csv
fm8,1064,1979 Chevrolet Camaro Z28,pacefinder/fm8_cars.csv
fm8,1065,2002 Pontiac Firebird Trans Am Ram Air,pacefinder/fm8_cars.csv
fm8,1069,2009 Chevrolet Corvette ZR1,pacefinder/fm8_cars.csv
fm8,1081,2008 Aston Martin DBS,pacefinder/fm8_cars.csv
fm8,1086,2009 Ford Focus RS,pacefinder/fm8_cars.csv
fm8,1090,2009 Mercedes-Benz SL 65 AMG Black Series,pacefinder/fm8_cars.csv
fm8,1093,1960 Chevrolet Corvette,pacefinder/fm8_cars.csv
fm8,1104,1970 Datsun 510,pacefinder/fm8_cars.csv
fm8,1105,1964 Aston Martin DB5,pacefinder/fm8_cars.csv
fm8,1110,1994 Mazda MX-5 Miata,pacefinder/fm8_cars.csv
fm8,1117,2019 Audi R8 5.2,pacefinder/fm8_cars.csv
fm8,1124,1980 Abarth Fiat 131,pacefinder/fm8_cars.csv
fm8,1125,2008 Lamborghini Reventon,pacefinder/fm8_cars.csv
fm8,1126,2009 BMW M5,pacefinder/fm8_cars.csv
fm8,1130,2011 McLaren 12C Coupe,pacefinder/fm8_cars.csv
fm8,1131,2009 Ferrari 458 Italia,pacefinder/fm8_cars.csv
fm8,1150,1965 Alfa Romeo Giulia Sprint GTA Stradale,pacefinder/fm8_cars.csv
fm8,1154,1957 Ferrari 250 Testa Rossa,pacefinder/fm8_cars.csv
fm8,1155,1965 Shelby Cobra Daytona Coupe,pacefinder/fm8_cars.csv
fm8,1171,2010 Ferrari 599XX,pacefinder/fm8_cars.csv
fm8,1173,2010 Lamborghini Murciélago LP 670-4 SV,pacefinder/fm8_cars.csv
fm8,1181,2010 Aston Martin One-77,pacefinder/fm8_cars.csv
fm8,1184,2009 Audi RS 6,pacefinder/fm8_cars.csv
fm8,1202,2011 Mercedes-Benz SLS AMG,pacefinder/fm8_cars.csv
fm8,1204,0 Renault Megane RS 250 2010,pacefinder/fm8_cars.csv
fm8,1216,2011 Audi RS 3 Sportback,pacefinder/fm8_cars.csv
fm8,1217,2010 BMW M6 Coupé '10,pacefinder/fm8_cars.csv
fm8,1219,1992 Bugatti EB110 Super Sport,pacefinder/fm8_cars.csv
fm8,1220,2010 Audi TT RS Coupe,pacefinder/fm8_cars.csv
fm8,1229,2008 Mazda Furai,pacefinder/fm8_cars.csv
fm8,1231,2010 Volkswagen Golf R,pacefinder/fm8_cars.csv
fm8,1253,0 Noble M600,pacefinder/fm8_cars.csv
fm8,1260,2010 Lexus LFA,pacefinder/fm8_cars.csv
fm8,1264,0 Renault Clio R.S. 2010,pacefinder/fm8_cars.csv
fm8,1267,1971 AMC Javelin AMX,pacefinder/fm8_cars.csv
fm8,1268,2002 BMW Z3 M Coupé,pacefinder/fm8_cars.csv
fm8,1269,1973 BMW 2002 Turbo,pacefinder/fm8_cars.csv
fm8,1270,0 DeLorean DMC-12,pacefinder/fm8_cars.csv
fm8,1272,1992 Ford Escort RS Cosworth,pacefinder/fm8_cars.csv
fm8,1273,1997 Honda Civic Type R,pacefinder/fm8_cars.csv
fm8,1277,1971 Plymouth Cuda 426 HEMI,pacefinder/fm8_cars.csv
fm8,1278,1973 Ford XB Falcon GT,pacefinder/fm8_cars.csv
fm8,1280,1970 Mercury Cougar Eliminator,pacefinder/fm8_cars.csv
fm8,1281,1955 Porsche 550 Spyder,pacefinder/fm8_cars.csv
fm8,1282,1993 Nissan 240SX SE,pacefinder/fm8_cars.csv
fm8,1290,1986 BMW M635 CSi,pacefinder/fm8_cars.csv
fm8,1291,1970 Chevrolet El Camino Super Sport 454,pacefinder/fm8_cars.csv
fm8,1292,1986 Dodge Shelby Omni GLHS,pacefinder/fm8_cars.csv
fm8,1293,1987 Ford Sierra Cosworth RS500,pacefinder/fm8_cars.csv
fm8,1294,0 GMC Syclone,pacefinder/fm8_cars.csv
fm8,1295,0 1982 Lancia 037,pacefinder/fm8_cars.csv
fm8,1296,1990 Mercedes-Benz 190E 2.5-16 Evolution II,pacefinder/fm8_cars.csv
fm8,1299,1983 Volvo 242 Turbo Evolution,pacefinder/fm8_cars.csv
fm8,1300,1964 Chevrolet Impala Super Sport 409,pacefinder/fm8_cars.csv
fm8,1301,1956 Jaguar D-Type,pacefinder/fm8_cars.csv
fm8,1302,1977 Ford Escort RS1800,pacefinder/fm8_cars.csv
fm8,1306,2005 Dodge SRT-4 ACR,pacefinder/fm8_cars.csv
fm8,1309,1969 Pontiac GTO Judge,pacefinder/fm8_cars.csv
fm8,1314,1993 McLaren F1,pacefinder/fm8_cars.csv
fm8,1317,2010 Chevrolet #55 Level 5 Motorsports Oreca FLM09,pacefinder/fm8_cars.csv
fm8,1319,0 Ferrari 599 GTO,pacefinder/fm8_cars.csv
fm8,1322,2011 Lamborghini Gallardo LP 570-4 Superleggera,pacefinder/fm8_cars.csv
fm8,1323,2011 SUBARU WRX STI,pacefinder/fm8_cars.csv
fm8,1325,2011 Alfa Romeo Giulietta Quadrifoglio Verde,pacefinder/fm8_cars.csv
fm8,1328,2011 Bugatti Veyron Super Sport,pacefinder/fm8_cars.csv
fm8,1329,1987 Buick Regal GNX,pacefinder/fm8_cars.csv
fm8,1330,1970 Chevrolet Camaro Z28,pacefinder/fm8_cars.csv
fm8,1331,1971 Plymouth GTX 426 HEMI,pacefinder/fm8_cars.csv
fm8,1335,1991 Mazda #55 Mazda 787B,pacefinder/fm8_cars.csv
fm8,1336,1969 Oldsmobile Hurst/Olds 442,pacefinder/fm8_cars.csv
fm8,1337,1969 Pontiac Firebird Trans Am,pacefinder/fm8_cars.csv
fm8,1348,2011 Peugeot 308 GTI,pacefinder/fm8_cars.csv
fm8,1350,2011 BMW X5 M,pacefinder/fm8_cars.csv
fm8,1352,1970 Dodge Coronet Super Bee,pacefinder/fm8_cars.csv
fm8,1354,1966 Chevrolet Nova Super Sport,pacefinder/fm8_cars.csv
fm8,1355,1965 Ford Mustang GT Coupe,pacefinder/fm8_cars.csv
fm8,1367,2003 BMW M5,pacefinder/fm8_cars.csv
fm8,1368,1988 BMW M5,pacefinder/fm8_cars.csv
fm8,1369,2010 Pagani Zonda Cinque Roadster,pacefinder/fm8_cars.csv
fm8,1370,1995 Audi Avant RS 2,pacefinder/fm8_cars.csv
fm8,1372,1930 Bentley 8 Litre,pacefinder/fm8_cars.csv
fm8,1379,1996 Chevrolet Impala Super Sport,pacefinder/fm8_cars.csv
fm8,1380,1981 Volkswagen Scirocco S,pacefinder/fm8_cars.csv
fm8,1381,1992 Mitsubishi Galant VR-4,pacefinder/fm8_cars.csv
fm8,1382,1990 SUBARU LEGACY RS,pacefinder/fm8_cars.csv
fm8,1383,1998 Volkswagen Gti VR6 Mk3,pacefinder/fm8_cars.csv
fm8,1385,2011 BMW 1 Series M Coupé,pacefinder/fm8_cars.csv
fm8,1386,1958 Aston Martin DBR1,pacefinder/fm8_cars.csv
fm8,1387,1997 Volvo 850 R,pacefinder/fm8_cars.csv
fm8,1388,2012 BMW M5,pacefinder/fm8_cars.csv
fm8,1392,2011 Lamborghini Sesto Elemento,pacefinder/fm8_cars.csv
fm8,1393,1992 Alfa Romeo 155 Q4,pacefinder/fm8_cars.csv
fm8,1394,0 GMC Typhoon,pacefinder/fm8_cars.csv
fm8,1395,1989 Toyota MR2 SC,pacefinder/fm8_cars.csv
fm8,1396,2011 HSV GTS,pacefinder/fm8_cars.csv
fm8,1397,0 Koenigsegg Agera 2011,pacefinder/fm8_cars.csv
fm8,1403,2010 Mazda Racing B09/86,pacefinder/fm8_cars.csv
fm8,1417,2011 Audi RS 5 Coupe,pacefinder/fm8_cars.csv
fm8,1418,1995 BMW M5,pacefinder/fm8_cars.csv
fm8,1426,2011 Mazda RX-8 R3,pacefinder/fm8_cars.csv
fm8,1427,2012 Pagani Huayra,pacefinder/fm8_cars.csv
fm8,1428,2011 Volkswagen Scirocco R,pacefinder/fm8_cars.csv
fm8,1429,1969 Chevrolet Nova Super Sport 396,pacefinder/fm8_cars.csv
fm8,1435,1963 Volkswagen Beetle,pacefinder/fm8_cars.csv
fm8,1440,2011 Ferrari Risi Competizione 458 Italia GTC,pacefinder/fm8_cars.csv
fm8,1451,2012 Ascari KZ1R,pacefinder/fm8_cars.csv
fm8,1457,1969 McLaren #4 McLaren Cars M8B,pacefinder/fm8_cars.csv
fm8,1459,1957 Chevrolet Bel Air,pacefinder/fm8_cars.csv
fm8,1462,1957 Maserati 300 S,pacefinder/fm8_cars.csv
fm8,1478,1986 Audi #2 Audi Sport quattro S1,pacefinder/fm8_cars.csv
fm8,1480,1985 Mazda RX-7 GSL-SE,pacefinder/fm8_cars.csv
fm8,1481,1965 Austin-Healey 3000 MkIII,pacefinder/fm8_cars.csv
fm8,1482,1973 AMC Gremlin X,pacefinder/fm8_cars.csv
fm8,1486,1966 Ford Lotus Cortina,pacefinder/fm8_cars.csv
fm8,1487,1958 MG MGA Twin-Cam,pacefinder/fm8_cars.csv
fm8,1490,2012 Vauxhall Astra VXR,pacefinder/fm8_cars.csv
fm8,1493,1995 BMW 850CSi,pacefinder/fm8_cars.csv
fm8,1500,2012 Mercedes-Benz C 63 AMG Coupé Black Series,pacefinder/fm8_cars.csv
fm8,1510,1993 Ford Mustang SVT Cobra R,pacefinder/fm8_cars.csv
fm8,1511,1968 Holden Monaro GTS 327,pacefinder/fm8_cars.csv
fm8,1513,1997 Maserati Ghibli Cup,pacefinder/fm8_cars.csv
fm8,1514,1973 Mazda RX-3,pacefinder/fm8_cars.csv
fm8,1517,1992 Toyota Celica GT-Four RC ST185,pacefinder/fm8_cars.csv
fm8,1519,1998 Aston Martin V8 Vantage V600,pacefinder/fm8_cars.csv
fm8,1524,1961 Maserati Tipo 61 Birdcage,pacefinder/fm8_cars.csv
fm8,1525,2012 Mercedes-Benz SLK 55 AMG,pacefinder/fm8_cars.csv
fm8,1533,1977 Holden Torana A9X,pacefinder/fm8_cars.csv
fm8,1535,2013 Lexus GS350 F Sport,pacefinder/fm8_cars.csv
fm8,1536,1973 Alpine A110 1600s,pacefinder/fm8_cars.csv
fm8,1537,1974 Toyota Corolla SR5,pacefinder/fm8_cars.csv
fm8,1539,2012 Porsche 911 GT2 RS,pacefinder/fm8_cars.csv
fm8,1549,1968 Alfa Romeo 33 Stradale,pacefinder/fm8_cars.csv
fm8,1550,1960 Aston Martin DB4 GT Zagato,pacefinder/fm8_cars.csv
fm8,1551,1989 Aston Martin #18 Aston Martin AMR1,pacefinder/fm8_cars.csv
fm8,1553,1966 Chaparral #66 Chaparral Cars 2E,pacefinder/fm8_cars.csv
fm8,1559,1955 Mercedes-Benz 300 SLR,pacefinder/fm8_cars.csv
fm8,1560,1989 Mercedes-Benz #63 Sauber-Mercedes C 9,pacefinder/fm8_cars.csv
fm8,1562,2013 SRT Viper GTS,pacefinder/fm8_cars.csv
fm8,1564,1953 Chevrolet Corvette,pacefinder/fm8_cars.csv
fm8,1572,1970 AMC Rebel The Machine,pacefinder/fm8_cars.csv
fm8,1573,1989 Audi #4 Audi 90 quattro IMSA GTO,pacefinder/fm8_cars.csv
fm8,1574,1958 Austin-Healey Sprite MkI,pacefinder/fm8_cars.csv
fm8,1575,1988 Chevrolet Monte Carlo Super Sport,pacefinder/fm8_cars.csv
fm8,1578,1962 Ferrari 250 GT Berlinetta Lusso,pacefinder/fm8_cars.csv
fm8,1580,1973 Ford Escort RS1600,pacefinder/fm8_cars.csv
fm8,1583,2012 Lamborghini Aventador J,pacefinder/fm8_cars.csv
fm8,1587,1972 Mazda Cosmo 110S Series II,pacefinder/fm8_cars.csv
fm8,1589,1966 MG MGB GT,pacefinder/fm8_cars.csv
fm8,1591,1984 Peugeot 205 Turbo 16,pacefinder/fm8_cars.csv
fm8,1592,1974 Toyota Celica GT,pacefinder/fm8_cars.csv
fm8,1598,2010 BMW M3 GTS,pacefinder/fm8_cars.csv
fm8,1599,2012 Ferrari 599XX Evolution,pacefinder/fm8_cars.csv
fm8,1601,0 Lamborghini Gallardo Spyder LP570-4,pacefinder/fm8_cars.csv
fm8,1607,2013 Audi RS 4 Avant,pacefinder/fm8_cars.csv
fm8,1612,1988 Volkswagen Scirocco 16v,pacefinder/fm8_cars.csv
fm8,1615,1969 FIAT Dino 2.4 Coupe,pacefinder/fm8_cars.csv
fm8,1619,1967 Mercedes-Benz 280 SL,pacefinder/fm8_cars.csv
fm8,1620,2012 Dodge Challenger SRT8,pacefinder/fm8_cars.csv
fm8,1651,2013 Ariel Atom 500 V8,pacefinder/fm8_cars.csv
fm8,1652,2013 Caterham Superlight R500,pacefinder/fm8_cars.csv
fm8,1653,2013 KTM X-Bow R,pacefinder/fm8_cars.csv
fm8,1654,2007 Ford Mustang GT500,pacefinder/fm8_cars.csv
fm8,1655,2013 SUBARU BRZ,pacefinder/fm8_cars.csv
fm8,1658,2013 Mercedes-Benz A 45 AMG,pacefinder/fm8_cars.csv
fm8,1661,0 1986 Lancia Delta S4,pacefinder/fm8_cars.csv
fm8,1662,1965 MINI Cooper S,pacefinder/fm8_cars.csv
fm8,1663,2012 Infiniti IPL G Coupe,pacefinder/fm8_cars.csv
fm8,1665,2011 Citroen DS 3 Racing,pacefinder/fm8_cars.csv
fm8,1667,2013 McLaren P1,pacefinder/fm8_cars.csv
fm8,1668,1969 Ford Mustang Boss 302,pacefinder/fm8_cars.csv
fm8,1670,1988 McLaren #12 Honda McLaren MP4/4,pacefinder/fm8_cars.csv
fm8,1671,1966 McLaren M2B,pacefinder/fm8_cars.csv
fm8,1672,1976 McLaren #11 Team McLaren M23,pacefinder/fm8_cars.csv
fm8,2003,2012 MINI John Cooper Works GP,pacefinder/fm8_cars.csv
fm8,2004,2013 Mazda MX-5,pacefinder/fm8_cars.csv
fm8,2005,2009 Honda S2000 CR,pacefinder/fm8_cars.csv
fm8,2006,1995 Chevrolet Corvette ZR-1,pacefinder/fm8_cars.csv
fm8,2007,2013 Toyota 86,pacefinder/fm8_cars.csv
fm8,2009,2013 Audi RS 7 Sportback,pacefinder/fm8_cars.csv
fm8,2010,2013 Audi R8 Coupé V10 plus 5.2 FSI quattro,pacefinder/fm8_cars.csv
fm8,2015,1976 Ferrari #1 Scuderia Ferrari 312 T2,pacefinder/fm8_cars.csv
fm8,2017,1968 Abarth 595 esseesse,pacefinder/fm8_cars.csv
fm8,2018,2013 BMW M6 Coupé,pacefinder/fm8_cars.csv
fm8,2019,2003 Ford Focus RS,pacefinder/fm8_cars.csv
fm8,2024,1967 Lotus Type 49,pacefinder/fm8_cars.csv
fm8,2033,1967 Brabham BT24,pacefinder/fm8_cars.csv
fm8,2034,2013 Ferrari LaFerrari,pacefinder/fm8_cars.csv
fm8,2038,2014 Alfa Romeo 4C,pacefinder/fm8_cars.csv
fm8,2040,2014 BAC Mono,pacefinder/fm8_cars.csv
fm8,2042,2013 Lamborghini Veneno,pacefinder/fm8_cars.csv
fm8,2049,1945 Willys MB Jeep,pacefinder/fm8_cars.csv
fm8,2051,2014 Maserati Ghibli S Q4,pacefinder/fm8_cars.csv
fm8,2066,1926 Bugatti Type 35 C,pacefinder/fm8_cars.csv
fm8,2068,1939 Maserati 8CTF,pacefinder/fm8_cars.csv
fm8,2069,1939 Mercedes-Benz W154,pacefinder/fm8_cars.csv
fm8,2083,2015 Mazda Formula Mazda,pacefinder/fm8_cars.csv
fm8,2096,1939 Auto Union Type D,pacefinder/fm8_cars.csv
fm8,2097,2014 Lexus IS 350 F Sport,pacefinder/fm8_cars.csv
fm8,2103,1979 BMW #6 BMW Motorsport M1 Procar,pacefinder/fm8_cars.csv
fm8,2104,2013 Dodge Dart GT,pacefinder/fm8_cars.csv
fm8,2105,2013 Donkervoort D8 GTO,pacefinder/fm8_cars.csv
fm8,2112,1975 BMW #25 BMW Motorsport 3.0 CSL,pacefinder/fm8_cars.csv
fm8,2118,2013 Holden Xbox Racing Team Commodore VF,pacefinder/fm8_cars.csv
fm8,2125,1981 Ford #2 Zakspeed Racing Capri Turbo,pacefinder/fm8_cars.csv
fm8,2126,1990 Ferrari #1 Scuderia Ferrari 641,pacefinder/fm8_cars.csv
fm8,2128,2013 Cadillac XTS Limousine,pacefinder/fm8_cars.csv
fm8,2131,2014 HSV GEN-F GTS,pacefinder/fm8_cars.csv
fm8,2133,2015 BMW i8,pacefinder/fm8_cars.csv
fm8,2140,1980 Subaru BRAT GL,pacefinder/fm8_cars.csv
fm8,2142,2014 Volkswagen Golf R,pacefinder/fm8_cars.csv
fm8,2148,0 Mini 2013 X-Raid All4 Racing Countryman,pacefinder/fm8_cars.csv
fm8,2149,1993 Renault Clio Williams,pacefinder/fm8_cars.csv
fm8,2151,1963 Volkswagen Type 2 De Luxe,pacefinder/fm8_cars.csv
fm8,2154,2014 BMW M4 Coupé,pacefinder/fm8_cars.csv
fm8,2158,1981 Ford Fiesta XR2,pacefinder/fm8_cars.csv
fm8,2160,1979 Opel Kadett C GT/E,pacefinder/fm8_cars.csv
fm8,2161,1965 Alfa Romeo Giulia TZ2,pacefinder/fm8_cars.csv
fm8,2162,2015 Jaguar F-TYPE R Coupé,pacefinder/fm8_cars.csv
fm8,2164,2015 Lamborghini Huracan LP 610-4,pacefinder/fm8_cars.csv
fm8,2165,2011 Lotus Evora S,pacefinder/fm8_cars.csv
fm8,2166,2014 Infiniti Q50 Eau Rouge,pacefinder/fm8_cars.csv
fm8,2168,2015 SUBARU WRX STI,pacefinder/fm8_cars.csv
fm8,2173,0 MG MG3,pacefinder/fm8_cars.csv
fm8,2175,2015 Lexus RC F,pacefinder/fm8_cars.csv
fm8,2177,2015 Chevrolet Corvette Z06,pacefinder/fm8_cars.csv
fm8,2178,2001 Audi RS 4 Avant,pacefinder/fm8_cars.csv
fm8,2179,2015 Audi S1,pacefinder/fm8_cars.csv
fm8,2180,2015 Audi RS 6 Avant,pacefinder/fm8_cars.csv
fm8,2181,2013 Aston Martin V12 Vantage S,pacefinder/fm8_cars.csv
fm8,2182,2015 Audi TTS Coupe,pacefinder/fm8_cars.csv
fm8,2183,2015 Chevrolet Camaro Z/28,pacefinder/fm8_cars.csv
fm8,2184,2013 Ferrari 458 Speciale,pacefinder/fm8_cars.csv
fm8,2185,2015 Jaguar XFR-S,pacefinder/fm8_cars.csv
fm8,2186,1953 Ferrari 500 Mondial,pacefinder/fm8_cars.csv
fm8,2188,2014 Koenigsegg One:1,pacefinder/fm8_cars.csv
fm8,2189,2015 McLaren 650S Coupe,pacefinder/fm8_cars.csv
fm8,2193,2000 BMW 323ti Sport,pacefinder/fm8_cars.csv
fm8,2194,2014 Ferrari California T,pacefinder/fm8_cars.csv
fm8,2203,1988 Holden VL Commodore Group A SV,pacefinder/fm8_cars.csv
fm8,2205,1970 Honda S800,pacefinder/fm8_cars.csv
fm8,2207,1972 Lamborghini Jarama S,pacefinder/fm8_cars.csv
fm8,2209,1992 Mazda 323 GT-R,pacefinder/fm8_cars.csv
fm8,2216,0 Plymouth Fury,pacefinder/fm8_cars.csv
fm8,2226,2014 Chevrolet #3 Corvette Racing Corvette C7.R,pacefinder/fm8_cars.csv
fm8,2229,2014 Dodge #93 SRT Motorsports Viper GTS-R,pacefinder/fm8_cars.csv
fm8,2235,2015 Jaguar XKR-S GT,pacefinder/fm8_cars.csv
fm8,2240,2014 Mazda #70 SpeedSource Lola B12/80,pacefinder/fm8_cars.csv
fm8,2242,0 Merc-AMG GT S,pacefinder/fm8_cars.csv
fm8,2255,1990 Mazda MX-5 Miata,pacefinder/fm8_cars.csv
fm8,2258,1970 Volkswagen #1107 Desert Dingo Racing Stock Bug,pacefinder/fm8_cars.csv
fm8,2262,2016 Cadillac ATS-V,pacefinder/fm8_cars.csv
fm8,2265,1967 Honda RA300,pacefinder/fm8_cars.csv
fm8,2266,1976 Lotus #5 Team Lotus 77,pacefinder/fm8_cars.csv
fm8,2267,2016 Mazda MX-5,pacefinder/fm8_cars.csv
fm8,2268,1963 Ferrari 250LM,pacefinder/fm8_cars.csv
fm8,2269,1969 Nissan #21 Nissan Racing R382,pacefinder/fm8_cars.csv
fm8,2270,1973 Nissan Skyline H/T 2000GT-R,pacefinder/fm8_cars.csv
fm8,2271,2014 Audi #2 Audi Team Joest R18 e-tron quattro,pacefinder/fm8_cars.csv
fm8,2272,1969 Datsun 2000 Roadster,pacefinder/fm8_cars.csv
fm8,2275,1967 Eagle-Weslake T1G,pacefinder/fm8_cars.csv
fm8,2289,2014 Porsche 911 Turbo S,pacefinder/fm8_cars.csv
fm8,2290,2014 Porsche 918 Spyder,pacefinder/fm8_cars.csv
fm8,2293,2022 Porsche Cayman GTS,pacefinder/fm8_cars.csv
fm8,2297,0 Porsche 911 GT3 RS4,pacefinder/fm8_cars.csv
fm8,2298,1978 Porsche Racing 935/78 #43,pacefinder/fm8_cars.csv
fm8,2299,1957 Porsche 356A Speedster,pacefinder/fm8_cars.csv
fm8,2300,1999 BMW V12 LMR #16,pacefinder/fm8_cars.csv
fm8,2302,2014 Toyota #8 Toyota Racing TS040 HYBRID,pacefinder/fm8_cars.csv
fm8,2312,1969 Lola #10 Simoniz Special T163,pacefinder/fm8_cars.csv
fm8,2314,2014 Ford #17 AMD Tuning Focus ST BTCC,pacefinder/fm8_cars.csv
fm8,2315,1982 Ferrari #72 N.A.R.T. 512 BB/LM,pacefinder/fm8_cars.csv
fm8,2333,1990 Mercury #15 Whistler Radar Cougar XR-7,pacefinder/fm8_cars.csv
fm8,2334,1991 Mazda #62 Mazda Motorsport RX-7,pacefinder/fm8_cars.csv
fm8,2352,2017 Acura NSX,pacefinder/fm8_cars.csv
fm8,2357,2017 Ford Focus RS,pacefinder/fm8_cars.csv
fm8,2363,2017 Ford GT,pacefinder/fm8_cars.csv
fm8,2368,2015 Nissan #23 GT-R LM NISMO,pacefinder/fm8_cars.csv
fm8,2371,2014 Ferrari FXX K,pacefinder/fm8_cars.csv
fm8,2379,2015 Lamborghini #63 Squadra Corse Huracan LP620-2 Super Trofeo,pacefinder/fm8_cars.csv
fm8,2400,2016 Ford Shelby GT350R,pacefinder/fm8_cars.csv
fm8,2401,1964 Ferrari F-158 F1,pacefinder/fm8_cars.csv
fm8,2403,2014 Bentley #17 M-Sport Bentley Continental GT3,pacefinder/fm8_cars.csv
fm8,2405,2000 Lotus 340R,pacefinder/fm8_cars.csv
fm8,2409,2015 Ford #02 Chip Ganassi Racing Riley Mk XXVI Daytona Prototype,pacefinder/fm8_cars.csv
fm8,2412,1957 BMW Isetta 300 Export,pacefinder/fm8_cars.csv
fm8,2416,0 Meyers Manx,pacefinder/fm8_cars.csv
fm8,2417,1973 Holden HQ Monaro GTS 350,pacefinder/fm8_cars.csv
fm8,2421,2016 Cadillac CTS-V Sedan,pacefinder/fm8_cars.csv
fm8,2422,2014 HSV Limited Edition GEN-F GTS Maloo,pacefinder/fm8_cars.csv
fm8,2423,1969 Lola #6 Sunoco T70 MkIIIB,pacefinder/fm8_cars.csv
fm8,2426,1990 Alpine GTA Le Mans,pacefinder/fm8_cars.csv
fm8,2427,2016 Vauxhall Corsa VXR,pacefinder/fm8_cars.csv
fm8,2428,2016 W Motors Lykan HyperSport,pacefinder/fm8_cars.csv
fm8,2430,2016 Ariel Nomad,pacefinder/fm8_cars.csv
fm8,2431,2015 BMW X6 M,pacefinder/fm8_cars.csv
fm8,2434,1992 Toyota #99 All American Racers Toyota Eagle MkIII,pacefinder/fm8_cars.csv
fm8,2467,2015 Ferrari 488 GTB,pacefinder/fm8_cars.csv
fm8,2468,2015 Dodge Charger SRT Hellcat,pacefinder/fm8_cars.csv
fm8,2469,1965 Toyota Sports 800,pacefinder/fm8_cars.csv
fm8,2470,2016 Aston Martin Vulcan,pacefinder/fm8_cars.csv
fm8,2471,2016 Mercedes-AMG C 63 S Coupé,pacefinder/fm8_cars.csv
fm8,2473,2016 Audi R8 V10 plus,pacefinder/fm8_cars.csv
fm8,2474,2016 Zenvo ST1,pacefinder/fm8_cars.csv
fm8,2475,2016 Spania GTA GTA Spano,pacefinder/fm8_cars.csv
fm8,2477,2016 BMW M2 Coupé,pacefinder/fm8_cars.csv
fm8,2479,2016 Lamborghini Aventador Superveloce,pacefinder/fm8_cars.csv
fm8,2481,2015 McLaren P1 GTR,pacefinder/fm8_cars.csv
fm8,2482,1984 Nissan #20 Bluebird Super Silhouette,pacefinder/fm8_cars.csv
fm8,2483,1991 Nissan #23 Nissan R91CP,pacefinder/fm8_cars.csv
fm8,2485,2015 Chevrolet #10 Konica Minolta Corvette Daytona Prototype,pacefinder/fm8_cars.csv
fm8,2486,2015 Radical RXC Turbo,pacefinder/fm8_cars.csv
fm8,2488,1979 Datsun #33 280ZX Turbo,pacefinder/fm8_cars.csv
fm8,2489,2016 Abarth 695 Biposto,pacefinder/fm8_cars.csv
fm8,2493,2015 Aston Martin Vantage GT12,pacefinder/fm8_cars.csv
fm8,2504,0 Ford Super Deluxe Wagon,pacefinder/fm8_cars.csv
fm8,2506,1953 Maserati A6GCS/53 PininFarina Berlinetta,pacefinder/fm8_cars.csv
fm8,2507,1955 Chevrolet 150 Utility Sedan,pacefinder/fm8_cars.csv
fm8,2512,1987 Nissan Skyline GTS-R (HR31),pacefinder/fm8_cars.csv
fm8,2514,1992 Ford Falcon GT,pacefinder/fm8_cars.csv
fm8,2523,2016 Chevrolet Camaro Super Sport,pacefinder/fm8_cars.csv
fm8,2527,2017 Aston Martin DB11,pacefinder/fm8_cars.csv
fm8,2528,2016 Porsche 911 GT3 RS,pacefinder/fm8_cars.csv
fm8,2529,2022 Porsche Cayman GT4,pacefinder/fm8_cars.csv
fm8,2532,1980 Porsche 924 Carrera GTS,pacefinder/fm8_cars.csv
fm8,2534,1993 Porsche 968 Turbo S,pacefinder/fm8_cars.csv
fm8,2535,1993 Porsche 928 GTS,pacefinder/fm8_cars.csv
fm8,2537,1960 Porsche 718 RS 60,pacefinder/fm8_cars.csv
fm8,2538,2015 Porsche #91 Porsche Team Manthey 991 RSR,pacefinder/fm8_cars.csv
fm8,2541,2016 Lotus 3-Eleven,pacefinder/fm8_cars.csv
fm8,2542,2017 Alfa Romeo Giulia Quadrifoglio,pacefinder/fm8_cars.csv
fm8,2543,2016 Ford #66 Ford Racing GT Le Mans,pacefinder/fm8_cars.csv
fm8,2544,2016 Dodge Viper ACR,pacefinder/fm8_cars.csv
fm8,2548,1978 Porsche MOMO 935/78 #78,pacefinder/fm8_cars.csv
fm8,2549,1970 Porsche #3 917 LH,pacefinder/fm8_cars.csv
fm8,2551,2014 Ford FPV Limited Edition Pursuit Ute,pacefinder/fm8_cars.csv
fm8,2552,2015 Alumi Craft Class 10 Race Car,pacefinder/fm8_cars.csv
fm8,2559,1959 Jaguar Mk II 3.8,pacefinder/fm8_cars.csv
fm8,2566,1979 Toyota FJ40,pacefinder/fm8_cars.csv
fm8,2568,1969 Volkswagen Class 5/1600 Baja Bug,pacefinder/fm8_cars.csv
fm8,2569,2015 Ultima Evolution Coupe 1020,pacefinder/fm8_cars.csv
fm8,2574,2554 AMG Transport Dynamics M12S Warthog CST,pacefinder/fm8_cars.csv
fm8,2576,0 Hot Wheels Ford Mustang,pacefinder/fm8_cars.csv
fm8,2577,2015 Ferrari F12tdf,pacefinder/fm8_cars.csv
fm8,2580,2015 Ford Falcon GT F 351,pacefinder/fm8_cars.csv
fm8,2581,1972 Chrysler VH Valiant Charger R/T E49,pacefinder/fm8_cars.csv
fm8,2582,1996 HSV GTSR,pacefinder/fm8_cars.csv
fm8,2584,1985 HDT VK Commodore Group A,pacefinder/fm8_cars.csv
fm8,2585,1972 Ford Falcon XA GT-HO,pacefinder/fm8_cars.csv
fm8,2586,2015 Volvo V60 Polestar,pacefinder/fm8_cars.csv
fm8,2587,1988 Holden HSV Commodore Group A SV,pacefinder/fm8_cars.csv
fm8,2614,1968 Ford Mustang GT 2+2 Fastback,pacefinder/fm8_cars.csv
fm8,2616,2016 Lamborghini Centenario LP 770-4,pacefinder/fm8_cars.csv
fm8,2618,2017 Nissan GT-R (R35),pacefinder/fm8_cars.csv
fm8,2624,2018 Bugatti Chiron,pacefinder/fm8_cars.csv
fm8,2625,2016 Bentley Bentayga,pacefinder/fm8_cars.csv
fm8,2628,2016 BMW M4 GTS,pacefinder/fm8_cars.csv
fm8,2636,1993 Toyota #1 T100 Baja Truck,pacefinder/fm8_cars.csv
fm8,2647,2016 Pagani Huayra BC,pacefinder/fm8_cars.csv
fm8,2648,0 Gymkhana 9 RX,pacefinder/fm8_cars.csv
fm8,2654,2017 Mercedes-AMG GT R,pacefinder/fm8_cars.csv
fm8,2656,2007 Toyota Hilux Arctic Trucks AT38,pacefinder/fm8_cars.csv
fm8,2659,1998 Nissan Silvia K’s Aero,pacefinder/fm8_cars.csv
fm8,2665,2017 Bentley Continental Supersports,pacefinder/fm8_cars.csv
fm8,2699,0 Mini Cooper S FE,pacefinder/fm8_cars.csv
fm8,2739,2017 Chevrolet Camaro ZL1,pacefinder/fm8_cars.csv
fm8,2740,2017 Abarth 124 Spider,pacefinder/fm8_cars.csv
fm8,2741,2017 Porsche Panamera Turbo,pacefinder/fm8_cars.csv
fm8,2743,2016 Toyota Land Cruiser Arctic Trucks AT37,pacefinder/fm8_cars.csv
fm8,2745,0 Honda Ridgeline,pacefinder/fm8_cars.csv
fm8,2750,0 Hot Wheels 1969 Twin Mill,pacefinder/fm8_cars.csv
fm8,2751,0 Hot Wheels Rip Rod,pacefinder/fm8_cars.csv
fm8,2755,2018 Porsche 911 GT2 RS,pacefinder/fm8_cars.csv
fm8,2760,2017 Ford #17 Shell V-Power Racing Team Falcon FG X,pacefinder/fm8_cars.csv
fm8,2774,2017 Porsche #2 Porsche Team 919 Hybrid,pacefinder/fm8_cars.csv
fm8,2775,2017 Porsche #92 Porsche GT Team 911 RSR,pacefinder/fm8_cars.csv
fm8,2776,1976 Chevrolet #76 Greenwood Corvette,pacefinder/fm8_cars.csv
fm8,2792,1966 Ford #2 GT40 MkII Le Mans,pacefinder/fm8_cars.csv
fm8,2793,1967 Ferrari #24 Ferrari Spa 330 P4,pacefinder/fm8_cars.csv
fm8,2794,1993 Porsche 911 Turbo S Leichtbau,pacefinder/fm8_cars.csv
fm8,2796,2017 Holden #22 Walkinshaw Performance VF Commodore,pacefinder/fm8_cars.csv
fm8,2797,2017 Nissan Altima Racecar,pacefinder/fm8_cars.csv
fm8,2800,1983 Jaguar #44 Group 44 XJR-5,pacefinder/fm8_cars.csv
fm8,2801,1984 Nissan #11 Tomica Skyline Turbo Super Silhouette,pacefinder/fm8_cars.csv
fm8,2817,2000 Honda Prelude Type SH,pacefinder/fm8_cars.csv
fm8,2822,0 Nissan Safari Turbo,pacefinder/fm8_cars.csv
fm8,2823,1967 Nissan R380 II,pacefinder/fm8_cars.csv
fm8,2824,2017 BMW #24 BMW Team RLL M6 GTLM,pacefinder/fm8_cars.csv
fm8,2826,1988 Jaguar #1 Jaguar Racing XJR-9,pacefinder/fm8_cars.csv
fm8,2840,1988 Nissan #33 Bob Sharp Racing 300ZX,pacefinder/fm8_cars.csv
fm8,2844,2017 VUHL 05RR,pacefinder/fm8_cars.csv
fm8,2846,2018 McLaren 720S Coupe,pacefinder/fm8_cars.csv
fm8,2847,2017 Chevrolet Colorado ZR2,pacefinder/fm8_cars.csv
fm8,2852,2018 Audi #1 Audi Sport RS 3 LMS,pacefinder/fm8_cars.csv
fm8,2859,2016 Audi #17 Rotek Racing TT RS,pacefinder/fm8_cars.csv
fm8,2860,2017 Aston Martin Vantage GT3 Racing V12,pacefinder/fm8_cars.csv
fm8,2866,2018 Exomotive Exocet Sport V8 XP-5,pacefinder/fm8_cars.csv
fm8,2868,1982 Ford #6 Zakspeed Roush Mustang IMSA GT,pacefinder/fm8_cars.csv
fm8,2869,1971 Porsche 917/20 #23,pacefinder/fm8_cars.csv
fm8,2870,2018 Honda Civic Type R,pacefinder/fm8_cars.csv
fm8,2871,2018 Can-Am Maverick X RS Turbo R,pacefinder/fm8_cars.csv
fm8,2872,2019 Hyundai Veloster N,pacefinder/fm8_cars.csv
fm8,2874,2018 Nissan Sentra NISMO,pacefinder/fm8_cars.csv
fm8,2875,2017 Mercedes-Benz #33 Mac Tools Ciceley Motorsports A-Class (A45),pacefinder/fm8_cars.csv
fm8,2908,0 Eagle Speedster,pacefinder/fm8_cars.csv
fm8,2909,2018 Dodge Challenger SRT Demon,pacefinder/fm8_cars.csv
fm8,2910,2017 Koenigsegg Agera RS,pacefinder/fm8_cars.csv
fm8,2937,0 Ford 2017 N0.14 Rahal Letterman Lanigan Racing Fiesta,pacefinder/fm8_cars.csv
fm8,2941,0 Lamborghini 2011 Sesto Elemento,pacefinder/fm8_cars.csv
fm8,2947,0 Mercedes-Benz 2015 #24 Tankpool24 Racing Truck,pacefinder/fm8_cars.csv
fm8,2948,0 Mercedes-Benz 1998 Amg Clk Gtr,pacefinder/fm8_cars.csv
fm8,2951,0 Nissan 2003 Fairlady Z,pacefinder/fm8_cars.csv
fm8,2964,0 Morris 1953 Minor 1000,pacefinder/fm8_cars.csv
fm8,2967,2017 Oreca #38 Jackie Chan DC Racing Oreca 07,pacefinder/fm8_cars.csv
fm8,2968,2023 Aston Martin Valkyrie,pacefinder/fm8_cars.csv
fm8,2972,2019 Ferrari #62 Risi Competizione 488 GTE,pacefinder/fm8_cars.csv
fm8,2973,2017 Alpine A110,pacefinder/fm8_cars.csv
fm8,2974,2017 Ferrari 812 Superfast,pacefinder/fm8_cars.csv
fm8,2976,1930 Bentley Blower 4-1/2 Litre Supercharged,pacefinder/fm8_cars.csv
fm8,2980,1964 Ford GT40 Mk I,pacefinder/fm8_cars.csv
fm8,2981,1986 Ford Escort RS Turbo,pacefinder/fm8_cars.csv
fm8,2987,0 Peel P50 (Secret Santa),pacefinder/fm8_cars.csv
fm8,2988,2018 McLaren Senna,pacefinder/fm8_cars.csv
fm8,2993,2018 TVR Griffith,pacefinder/fm8_cars.csv
fm8,2995,1983 Volkswagen Golf GTI,pacefinder/fm8_cars.csv
fm8,2996,2015 Formula Drift Ford Mustang #13,pacefinder/fm8_cars.csv
fm8,2997,2016 Formula Drift HSV Maloo GEN-F #530,pacefinder/fm8_cars.csv
fm8,3000,1997 Formula Drift Nissan 240SX #777,pacefinder/fm8_cars.csv
fm8,3003,2006 Formula Drift Dodge Viper SRT10 #43,pacefinder/fm8_cars.csv
fm8,3005,0 Peel Trident,pacefinder/fm8_cars.csv
fm8,3006,0 Hoonigan Gymkhana 10 Hoonicorn V2,pacefinder/fm8_cars.csv
fm8,3007,2017 Volkswagen Beetle #34,pacefinder/fm8_cars.csv
fm8,3018,1985 Nissan #83 GTP ZX-Turbo,pacefinder/fm8_cars.csv
fm8,3019,1948 Ferrari 166 Inter Sport,pacefinder/fm8_cars.csv
fm8,3023,1983 Porsche #11 John Fitzpatrick Racing 956,pacefinder/fm8_cars.csv
fm8,3024,1967 Aston Martin DBS,pacefinder/fm8_cars.csv
fm8,3028,1986 Merkur #11 MAC Tools XR4Ti,pacefinder/fm8_cars.csv
fm8,3035,2018 KTM X-Bow GT4,pacefinder/fm8_cars.csv
fm8,3046,2018 Ford Mustang GT,pacefinder/fm8_cars.csv
fm8,3062,1970 Ferrari 512 S,pacefinder/fm8_cars.csv
fm8,3064,2018 Mercedes-AMG GT 4-Door Coupé,pacefinder/fm8_cars.csv
fm8,3069,0 Honda Civic Coupe 2016,pacefinder/fm8_cars.csv
fm8,3071,2018 BMW M5,pacefinder/fm8_cars.csv
fm8,3072,2019 Porsche 911 GT3 RS,pacefinder/fm8_cars.csv
fm8,3073,2018 BMW #1 BMW M Motorsport M8 GTE,pacefinder/fm8_cars.csv
fm8,3079,1963 Shelby Monaco King Cobra,pacefinder/fm8_cars.csv
fm8,3080,1969 Matra-Simca Equipe MS650 Tour de France,pacefinder/fm8_cars.csv
fm8,3085,0 Deberti Mustang,pacefinder/fm8_cars.csv
fm8,3087,0 McLaren 650S Spider,pacefinder/fm8_cars.csv
fm8,3091,2019 Aston Martin Vantage,pacefinder/fm8_cars.csv
fm8,3094,2018 Morgan Aero GT,pacefinder/fm8_cars.csv
fm8,3111,0 1951 Porsche #46,pacefinder/fm8_cars.csv
fm8,3112,2017 Ferrari #25 Corse Clienti 488 Challenge,pacefinder/fm8_cars.csv
fm8,3116,0 Morris Series II Traveler,pacefinder/fm8_cars.csv
fm8,3117,2018 Porsche 718 Cayman GTS,pacefinder/fm8_cars.csv
fm8,3118,2019 Chevrolet Corvette ZR1,pacefinder/fm8_cars.csv
fm8,3123,2019 Porsche 911 Carrera S,pacefinder/fm8_cars.csv
fm8,3125,2017 Aston Martin Vanquish Zagato Coupe,pacefinder/fm8_cars.csv
fm8,3129,2008 Renault Mégane R26.R,pacefinder/fm8_cars.csv
fm8,3134,2018 Renault Megane R.S.,pacefinder/fm8_cars.csv
fm8,3140,2019 Rimac Concept Two,pacefinder/fm8_cars.csv
fm8,3141,2018 Apollo Intensa Emozione,pacefinder/fm8_cars.csv
fm8,3142,0 Morris Traveller,pacefinder/fm8_cars.csv
fm8,3149,2018 Chevrolet Camaro ZL1 1LE,pacefinder/fm8_cars.csv
fm8,3150,0 Porsche Emory 356 C,pacefinder/fm8_cars.csv
fm8,3153,2018 McLaren 600LT Coupé,pacefinder/fm8_cars.csv
fm8,3154,2019 McLaren 720S Spider,pacefinder/fm8_cars.csv
fm8,3155,2019 McLaren Senna GTR,pacefinder/fm8_cars.csv
fm8,3157,2019 McLaren #03 720S GT3,pacefinder/fm8_cars.csv
fm8,3158,1991 Ford #15 Roush Racing Whistler Mustang,pacefinder/fm8_cars.csv
fm8,3160,0 Porsche Guntherwerks,pacefinder/fm8_cars.csv
fm8,3161,2018 Volkswagen #22 Experion Racing Golf GTI,pacefinder/fm8_cars.csv
fm8,3163,2018 Chevrolet Hot Wheels COPO Camaro,pacefinder/fm8_cars.csv
fm8,3168,2019 Bugatti Divo,pacefinder/fm8_cars.csv
fm8,3172,1991 Bentley Turbo R,pacefinder/fm8_cars.csv
fm8,3173,2019 BMW Z4 Roadster,pacefinder/fm8_cars.csv
fm8,3174,0 Ford 2019 Ranger Raptor,pacefinder/fm8_cars.csv
fm8,3181,1986 Ford Mustang SVO,pacefinder/fm8_cars.csv
fm8,3182,2016 Renault Clio R.S. 16 Concept,pacefinder/fm8_cars.csv
fm8,3185,2019 Aston Martin DBS Superleggera,pacefinder/fm8_cars.csv
fm8,3187,0 Porche 2018 Macan LPR Rally Raid,pacefinder/fm8_cars.csv
fm8,3191,1973 Lamborghini Espada 400 GT,pacefinder/fm8_cars.csv
fm8,3194,0 Italdesign Zerouno,pacefinder/fm8_cars.csv
fm8,3195,2018 ATS GT,pacefinder/fm8_cars.csv
fm8,3196,2019 RAESR Tachyon Speed,pacefinder/fm8_cars.csv
fm8,3197,2018 Mercedes-AMG GT3,pacefinder/fm8_cars.csv
fm8,3198,1980 Pantera GTS,pacefinder/fm8_cars.csv
fm8,3211,2017 Aston Martin Vulcan AMR Pro,pacefinder/fm8_cars.csv
fm8,3212,2019 Zenvo TSR-S,pacefinder/fm8_cars.csv
fm8,3214,2019 Porsche Motorsport 935,pacefinder/fm8_cars.csv
fm8,3215,2019 Porsche 911 Speedster,pacefinder/fm8_cars.csv
fm8,3217,2018 Lamborghini Huracán Performante,pacefinder/fm8_cars.csv
fm8,3218,2018 Porsche #73 Park Place Motorsports 911 GT3 R,pacefinder/fm8_cars.csv
fm8,3225,2018 Ferrari Portofino,pacefinder/fm8_cars.csv
fm8,3226,2017 Ferrari J50,pacefinder/fm8_cars.csv
fm8,3227,2019 Ferrari 488 Pista,pacefinder/fm8_cars.csv
fm8,3228,1999 Ford Racing Puma,pacefinder/fm8_cars.csv
fm8,3229,2018 Audi #44 R8 LMS GT3,pacefinder/fm8_cars.csv
fm8,3231,2017 Vauxhall #66 Power Maxed TAG Racing Astra,pacefinder/fm8_cars.csv
fm8,3235,1982 Volkswagen Pickup LX,pacefinder/fm8_cars.csv
fm8,3239,2018 Lamborghini #63 Squadra Corse Huracán Super Trofeo Evo,pacefinder/fm8_cars.csv
fm8,3240,2018 Acura #36 NSX GT3,pacefinder/fm8_cars.csv
fm8,3241,2018 Subaru WRX STI ARX Supercar,pacefinder/fm8_cars.csv
fm8,3243,2018 Peugeot #7 DG Sport Compétition 308,pacefinder/fm8_cars.csv
fm8,3244,1964 Plymouth Belvedere,pacefinder/fm8_cars.csv
fm8,3248,0 Porsche 911 Reimagined by Singer,pacefinder/fm8_cars.csv
fm8,3250,2018 Mercedes-AMG E 63 S,pacefinder/fm8_cars.csv
fm8,3251,2018 Ford #98 Breathless Pro Racing TA Mustang,pacefinder/fm8_cars.csv
fm8,3252,0 Hot Wheels Ford F-5 Dually Custom Hot Rod,pacefinder/fm8_cars.csv
fm8,3256,2018 Chevrolet #23 Ruman Racing TA Corvette,pacefinder/fm8_cars.csv
fm8,3257,1990 Nissan Pulsar GTi-R,pacefinder/fm8_cars.csv
fm8,3264,2018 Audi RS 5 Coupe,pacefinder/fm8_cars.csv
fm8,3266,1974 BRM #14 Team Motul P201,pacefinder/fm8_cars.csv
fm8,3268,1965 Lotus Team Lotus type 35,pacefinder/fm8_cars.csv
fm8,3270,1966 McLaren #4 Bruce McLaren Motor Racing M1B,pacefinder/fm8_cars.csv
fm8,3272,2018 SUBARU #1 Adrian Flux SUBARU Racing Levorg GT,pacefinder/fm8_cars.csv
fm8,3276,2018 Saleen S1,pacefinder/fm8_cars.csv
fm8,3277,2020 Ford Mustang Shelby GT500,pacefinder/fm8_cars.csv
fm8,3278,2015 Ford Saleen S302 Black Label,pacefinder/fm8_cars.csv
fm8,3281,2015 Cadillac #3 Cadillac Racing ATS-V.R,pacefinder/fm8_cars.csv
fm8,3282,1987 Porsche AG 961 #203,pacefinder/fm8_cars.csv
fm8,3283,2018 Cadillac #57 TA CTS-V,pacefinder/fm8_cars.csv
fm8,3284,2021 Hennessey Camaro Exorcist,pacefinder/fm8_cars.csv
fm8,3285,2019 Brabham BT62,pacefinder/fm8_cars.csv
fm8,3286,2018 Audi TT RS,pacefinder/fm8_cars.csv
fm8,3287,1991 Jaguar Sport XJR-15,pacefinder/fm8_cars.csv
fm8,3289,2018 Lamborghini Aventador SVJ,pacefinder/fm8_cars.csv
fm8,3292,2019 Dodge #9 American V8 Road Racing TA Challenger,pacefinder/fm8_cars.csv
fm8,3293,1993 Jaguar XJ220S TWR,pacefinder/fm8_cars.csv
fm8,3298,1981 Porsche 924 GTP Le Mans,pacefinder/fm8_cars.csv
fm8,3301,1986 Lotus Team Lotus 98T,pacefinder/fm8_cars.csv
fm8,3307,2019 Nissan 370Z Nismo,pacefinder/fm8_cars.csv
fm8,3309,1965 Lotus #1 Team Lotus Type 40,pacefinder/fm8_cars.csv
fm8,3310,1990 Oldsmobile #75 Cutlass Supreme Trans Am,pacefinder/fm8_cars.csv
fm8,3311,2018 Ferrari FXX-K Evo,pacefinder/fm8_cars.csv
fm8,3312,2019 Ferrari Monza SP2,pacefinder/fm8_cars.csv
fm8,3315,2020 Koenigsegg Jesko,pacefinder/fm8_cars.csv
fm8,3316,1985 Buick #6 Performance Motorsports Somerset Regal Trans-Am,pacefinder/fm8_cars.csv
fm8,3318,2018 Audi RS 4 Avant,pacefinder/fm8_cars.csv
fm8,3320,2019 Italdesign DaVinci Concept,pacefinder/fm8_cars.csv
fm8,3334,2016 Elemental Rp1,pacefinder/fm8_cars.csv
fm8,3338,1988 Nissan Motorsport International R88C,pacefinder/fm8_cars.csv
fm8,3359,2021 Audi RS e-tron GT,pacefinder/fm8_cars.csv
fm8,3360,2020 Automobili Pininfarina Battista,pacefinder/fm8_cars.csv
fm8,3362,1984 Nissan Silvia Super Silhouette,pacefinder/fm8_cars.csv
fm8,3363,1999 Nissan Pennzoil NISMO Skyline GTR,pacefinder/fm8_cars.csv
fm8,3364,2019 Aston Martin Valhalla Concept Car,pacefinder/fm8_cars.csv
fm8,3365,2015 Ligier Euro international JS P3,pacefinder/fm8_cars.csv
fm8,3366,2016 NIO EP9,pacefinder/fm8_cars.csv
fm8,3367,2019 Ferrari F8 Tributo,pacefinder/fm8_cars.csv
fm8,3369,2020 Chevrolet Corvette Stingray Coupe,pacefinder/fm8_cars.csv
fm8,3371,2020 Lamborghini Huracán EVO,pacefinder/fm8_cars.csv
fm8,3373,2019 Toyota 4Runner TRD Pro,pacefinder/fm8_cars.csv
fm8,3374,2019 Toyota Tacoma TRD Pro,pacefinder/fm8_cars.csv
fm8,3392,2000 Formula Drift Silvia #215,pacefinder/fm8_cars.csv
fm8,3395,1967 Renault 8 Gordini,pacefinder/fm8_cars.csv
fm8,3402,2020 Toyota GR Supra,pacefinder/fm8_cars.csv
fm8,3403,1978 Renault Equipe Renault Elf R.S. 01,pacefinder/fm8_cars.csv
fm8,3405,0 Hotwheels 2Jetz,pacefinder/fm8_cars.csv
fm8,3407,0 Hot Wheels Nash Metropolitan Custom,pacefinder/fm8_cars.csv
fm8,3411,1995 Formula Drift Supra #34,pacefinder/fm8_cars.csv
fm8,3412,2019 SUBARU STI S209,pacefinder/fm8_cars.csv
fm8,3413,2021 Volkswagen Golf R,pacefinder/fm8_cars.csv
fm8,3418,2019 Toyota 86 TRD SE,pacefinder/fm8_cars.csv
fm8,3419,2020 Toyota Tundra TRD Pro,pacefinder/fm8_cars.csv
fm8,3420,2020 Acura #6 ARX-05 DPi,pacefinder/fm8_cars.csv
fm8,3427,2011 Ginetta G55 GT4,pacefinder/fm8_cars.csv
fm8,3429,2019 Ginetta G40 Junior,pacefinder/fm8_cars.csv
fm8,3434,2020 BMW M2 Competition Coupé,pacefinder/fm8_cars.csv
fm8,3435,1990 Chevrolet Beretta Trans AM,pacefinder/fm8_cars.csv
fm8,3436,1970 Ford Mustang Boss 302 Trans AM,pacefinder/fm8_cars.csv
fm8,3437,2020 McLaren GT,pacefinder/fm8_cars.csv
fm8,3438,1961 DeBerti Ford Econoline 'Shop Rod',pacefinder/fm8_cars.csv
fm8,3439,2019 DeBerti Ford Super Duty F-250 Lariat 'Transformer',pacefinder/fm8_cars.csv
fm8,3445,2020 Porsche Taycan Turbo S,pacefinder/fm8_cars.csv
fm8,3449,2020 Lotus Evija,pacefinder/fm8_cars.csv
fm8,3453,2020 Audi TT RS Coupe,pacefinder/fm8_cars.csv
fm8,3454,2020 Audi RS 3 Sedan,pacefinder/fm8_cars.csv
fm8,3457,2020 Lexus VASSER SULLIVAN RC F GT3,pacefinder/fm8_cars.csv
fm8,3460,2019 Ginetta #6 Team LNT Ginetta G60-LT-P1,pacefinder/fm8_cars.csv
fm8,3477,2020 Chevrolet Silverado LT Trail Boss,pacefinder/fm8_cars.csv
fm8,3482,2021 McLaren 765LT Coupe,pacefinder/fm8_cars.csv
fm8,3490,2020 Chevrolet #3 Corvette Racing C8.R,pacefinder/fm8_cars.csv
fm8,3492,2020 KTM X-Bow GT2,pacefinder/fm8_cars.csv
fm8,3497,1999 Nissan #23 NISMO Clarion R391,pacefinder/fm8_cars.csv
fm8,3498,2017 Saleen S7 LM,pacefinder/fm8_cars.csv
fm8,3499,2020 Saleen Sportruck XR Black Label,pacefinder/fm8_cars.csv
fm8,3506,1974 Porsche #1 911 RSR,pacefinder/fm8_cars.csv
fm8,3517,1966 Brabham BT8,pacefinder/fm8_cars.csv
fm8,3518,2020 BMW M8 Competition Coupé,pacefinder/fm8_cars.csv
fm8,3520,2021 Lexus LC 500,pacefinder/fm8_cars.csv
fm8,3521,1984 Toyota Starlet Time Attack,pacefinder/fm8_cars.csv
fm8,3523,2020 Formula Drift Toyota GR Supra #151,pacefinder/fm8_cars.csv
fm8,3529,1975 Nissan Forsberg Racing Gold Leader Datzun 280Z,pacefinder/fm8_cars.csv
fm8,3530,2021 Forsberg Racing Nissan 'Altimaniac',pacefinder/fm8_cars.csv
fm8,3532,2020 Hyundai #98 Bryan Herta Autosport Veloster N,pacefinder/fm8_cars.csv
fm8,3533,2022 Volkswagen Golf R,pacefinder/fm8_cars.csv
fm8,3534,2021 MINI John Cooper Works GP,pacefinder/fm8_cars.csv
fm8,3537,2020 MG #20 MG6 XPower,pacefinder/fm8_cars.csv
fm8,3541,1969 Chevron B16,pacefinder/fm8_cars.csv
fm8,3543,2022 Pagani Huayra R,pacefinder/fm8_cars.csv
fm8,3545,2020 Honda #73 LA Honda World Racing Civic,pacefinder/fm8_cars.csv
fm8,3546,2020 Lexus RC F Track Edition,pacefinder/fm8_cars.csv
fm8,3547,2020 Xpeng P7,pacefinder/fm8_cars.csv
fm8,3548,2013 Wuling Sunshine S,pacefinder/fm8_cars.csv
fm8,3549,2021 Alumi Craft #122 Class 1 Buggy,pacefinder/fm8_cars.csv
fm8,3551,2020 Formula Drift BMW M2 #91,pacefinder/fm8_cars.csv
fm8,3552,2020 Lynk & Co #62 Cyan Racing 03,pacefinder/fm8_cars.csv
fm8,3553,0 Hoonigan Scumbug,pacefinder/fm8_cars.csv
fm8,3554,2005 Mitsubishi Sierra Enterprises Lancer Evolution Time Attack,pacefinder/fm8_cars.csv
fm8,3556,2011 BMW X5 M Forza Edition,pacefinder/fm8_cars.csv
fm8,3559,1953 Chevrolet Corvette Forza Edition,pacefinder/fm8_cars.csv
fm8,3561,0 Dodge Charger R/T,pacefinder/fm8_cars.csv
fm8,3562,0 Exomotive 2018 Exocet Off-Road,pacefinder/fm8_cars.csv
fm8,3564,0 Ford Racing Puma,pacefinder/fm8_cars.csv
fm8,3568,0 Maserati Gran Turismo S,pacefinder/fm8_cars.csv
fm8,3570,0 Meyers 1971 Manx,pacefinder/fm8_cars.csv
fm8,3572,0 Pagani 2016 Huyara BC,pacefinder/fm8_cars.csv
fm8,3573,0 Pontiac 1987 Firebird Trans Am Gta,pacefinder/fm8_cars.csv
fm8,3574,0 Porsche 911 GT3 RS,pacefinder/fm8_cars.csv
fm8,3577,0 Volkswagen Beetle,pacefinder/fm8_cars.csv
fm8,3580,2021 Aston Martin DBX,pacefinder/fm8_cars.csv
fm8,3583,2021 Audi RS 6 Avant,pacefinder/fm8_cars.csv
fm8,3584,2021 Audi RS 7 Sportback,pacefinder/fm8_cars.csv
fm8,3590,1972 Chevrolet K10 Custom,pacefinder/fm8_cars.csv
fm8,3594,2020 Ferrari Roma,pacefinder/fm8_cars.csv
fm8,3595,2020 Ferrari SF90 Stradale,pacefinder/fm8_cars.csv
fm8,3597,1986 Ford F-150 XLT Lariat,pacefinder/fm8_cars.csv
fm8,3599,2022 Gordon Murray Automotive T.50,pacefinder/fm8_cars.csv
fm8,3603,2019 Casey Currie Motorsports #4402 Ultra 4 'Trophy Jeep',pacefinder/fm8_cars.csv
fm8,3604,0 Jimco Hammerhead,pacefinder/fm8_cars.csv
fm8,3605,0 Jumco Trophy Truck,pacefinder/fm8_cars.csv
fm8,3606,2020 Lamborghini Essenza SCV12,pacefinder/fm8_cars.csv
fm8,3608,0 Lamborghini Sian Roadster (Secret Santa),pacefinder/fm8_cars.csv
fm8,3616,2020 Mercedes-AMG GT Black Series,pacefinder/fm8_cars.csv
fm8,3620,2023 Nissan Z,pacefinder/fm8_cars.csv
fm8,3622,2020 Nissan GT-R NISMO (R35),pacefinder/fm8_cars.csv
fm8,3625,2021 Rimac Nevera,pacefinder/fm8_cars.csv
fm8,3629,2021 Toyota GR Yaris,pacefinder/fm8_cars.csv
fm8,3631,2022 Aston Martin Valkyrie AMR Pro,pacefinder/fm8_cars.csv
fm8,3633,2019 Lamborghini Sián FKP 37,pacefinder/fm8_cars.csv
fm8,3644,2021 BMW M3 Competition Sedan,pacefinder/fm8_cars.csv
fm8,3645,2021 BMW M4 Competition Coupé,pacefinder/fm8_cars.csv
fm8,3650,2021 Mercedes-AMG Mercedes-AMG ONE,pacefinder/fm8_cars.csv
fm8,3652,2017 Oreca Performance Tech 07,pacefinder/fm8_cars.csv
fm8,3655,2021 McLaren 620R,pacefinder/fm8_cars.csv
fm8,3657,2022 Rivian R1T,pacefinder/fm8_cars.csv
fm8,3658,2022 Rivian R1S,pacefinder/fm8_cars.csv
fm8,3662,2021 RJ Anderson #37 Polaris RZR Pro 4 Truck,pacefinder/fm8_cars.csv
fm8,3665,0 Sierra 700,pacefinder/fm8_cars.csv
fm8,3667,2021 Porsche 911 GT3,pacefinder/fm8_cars.csv
fm8,3668,2021 McLaren Artura,pacefinder/fm8_cars.csv
fm8,3669,2021 Cadillac #31 Whelen Racing DPi-V.R,pacefinder/fm8_cars.csv
fm8,3670,0 Ford Focus RS,pacefinder/fm8_cars.csv
fm8,3672,2020 Lamborghini Huracán STO,pacefinder/fm8_cars.csv
fm8,3673,2020 Lamborghini SC20,pacefinder/fm8_cars.csv
fm8,3676,2021 Hyundai Elantra N #98,pacefinder/fm8_cars.csv
fm8,3677,2021 Lynk & Co 03+,pacefinder/fm8_cars.csv
fm8,3678,2020 Hyundai i30N,pacefinder/fm8_cars.csv
fm8,3681,1998 Toyota Supra RZ 'Welcome Pack',pacefinder/fm8_cars.csv
fm8,3682,2018 Apollo Intensa Emozione 'Welcome Pack',pacefinder/fm8_cars.csv
fm8,3686,2021 Polaris RZR Pro XP Factory Racing Limited Edition,pacefinder/fm8_cars.csv
fm8,3687,0 Polaris,pacefinder/fm8_cars.csv
fm8,3689,2021 MG MG6 XPower,pacefinder/fm8_cars.csv
fm8,3692,0 Ford F-150 Lightning,pacefinder/fm8_cars.csv
fm8,3693,2022 Alumi Craft #6165 Trick Truck,pacefinder/fm8_cars.csv
fm8,3696,1965 Shelby GT 500,pacefinder/fm8_cars.csv
fm8,3698,2021 Porsche Mission R,pacefinder/fm8_cars.csv
fm8,3700,2021 McLaren Sabre,pacefinder/fm8_cars.csv
fm8,3706,1970 Hot Wheels Pontiac Firebird Trans Am Custom,pacefinder/fm8_cars.csv
fm8,3708,0 125 Extreme E,pacefinder/fm8_cars.csv
fm8,3709,0 22 Extreme E,pacefinder/fm8_cars.csv
fm8,3710,0 23 Extreme E,pacefinder/fm8_cars.csv
fm8,3711,0 42 Extreme E,pacefinder/fm8_cars.csv
fm8,3712,0 44 Extreme E,pacefinder/fm8_cars.csv
fm8,3713,0 5 Extreme E,pacefinder/fm8_cars.csv
fm8,3714,0 55 Extreme E,pacefinder/fm8_cars.csv
fm8,3715,0 6 Extreme E,pacefinder/fm8_cars.csv
fm8,3716,2023 Lotus Emira,pacefinder/fm8_cars.csv
fm8,3719,2022 Cadillac CT4-V Blackwing,pacefinder/fm8_cars.csv
fm8,3720,2022 Cadillac CT5-V Blackwing,pacefinder/fm8_cars.csv
fm8,3722,2022 GMC HUMMER EV Pickup,pacefinder/fm8_cars.csv
fm8,3724,2022 Ferrari 296 GTB,pacefinder/fm8_cars.csv
fm8,3727,0 58 Extreme E,pacefinder/fm8_cars.csv
fm8,3734,2022 BMW i4 eDrive40,pacefinder/fm8_cars.csv
fm8,3735,2022 SUBARU BRZ,pacefinder/fm8_cars.csv
fm8,3736,2022 Ford Bronco Raptor,pacefinder/fm8_cars.csv
fm8,3737,2022 BMW iX xDrive50,pacefinder/fm8_cars.csv
fm8,3741,1996 Formula Drift #51 Donut Media Nissan 240SX,pacefinder/fm8_cars.csv
fm8,3742,2003 Nissan Donut Media 350Z 'Hi Car',pacefinder/fm8_cars.csv
fm8,3743,2004 Nissan Donut Media 350Z 'Low Car',pacefinder/fm8_cars.csv
fm8,3744,2023 Formula Drift #64 Forsberg Racing Nissan Z,pacefinder/fm8_cars.csv
fm8,3745,2020 Audi R8 V10 performance,pacefinder/fm8_cars.csv
fm8,3746,2022 CUPRA Formentor VZ5,pacefinder/fm8_cars.csv
fm8,3747,2022 CUPRA Tavascan Concept,pacefinder/fm8_cars.csv
fm8,3753,2023 Lamborghini Huracán Tecnica,pacefinder/fm8_cars.csv
fm8,3757,2024 Czinger 21C,pacefinder/fm8_cars.csv
fm8,3759,2020 Lamborghini Huracan EVO Spyder,pacefinder/fm8_cars.csv
fm8,3760,2022 Porsche 718 Cayman GT4 RS,pacefinder/fm8_cars.csv
fm8,3761,2022 Toyota GR86,pacefinder/fm8_cars.csv
fm8,3762,2018 Aston Martin AMR Vantage GTE,pacefinder/fm8_cars.csv
fm8,3763,2023 BMW M2,pacefinder/fm8_cars.csv
fm8,3766,2023 Chevrolet Corvette Z06,pacefinder/fm8_cars.csv
fm8,3767,2022 Acura NSX Type S,pacefinder/fm8_cars.csv
fm8,3771,2024 Chevrolet Corvette E-Ray,pacefinder/fm8_cars.csv
fm8,3774,2021 Lamborghini Countach LPI 800-4,pacefinder/fm8_cars.csv
fm8,3781,2023 Porsche 911 GT3 RS,pacefinder/fm8_cars.csv
fm8,3792,2023 Cadillac #31 Whelen Engineering Cadillac Racing V-Series.R,pacefinder/fm8_cars.csv
fm8,3795,2023 Meyers Manx 2.0,pacefinder/fm8_cars.csv
fm8,3798,2017 Mazda MX-5 Cup,pacefinder/fm8_cars.csv
fm8,3800,2020 Chevrolet Corvette Stingray Coupe Forza Edition,pacefinder/fm8_cars.csv
fm8,3801,2018 Chevrolet Camaro ZL1 1LE Forza Edition,pacefinder/fm8_cars.csv
fm8,3802,2019 Hyundai Veloster N Forza Edition,pacefinder/fm8_cars.csv
fm8,3803,2016 Mercedes-AMG C 63 S Coupé Forza Edition,pacefinder/fm8_cars.csv
fm8,3804,2019 SUBARU STI S209 Forza Edition,pacefinder/fm8_cars.csv
fm8,3807,2018 Porsche 911 GT2 RS Forza Edition,pacefinder/fm8_cars.csv
fm8,3808,1956 Chevrolet Barbie Movie' Corvette EV,pacefinder/fm8_cars.csv
fm8,3809,2022 GMC Barbie Movie' HUMMER EV PICKUP,pacefinder/fm8_cars.csv
fm8,3810,2010 Nissan Tsuru,pacefinder/fm8_cars.csv
fm8,3811,2023 Lucid Air Sapphire,pacefinder/fm8_cars.csv
fm8,3823,2022 Mazda MX-5 Miata RF,pacefinder/fm8_cars.csv
fm8,3827,2023 Hyundai IONIQ 5 N,pacefinder/fm8_cars.csv
fm8,3832,1973 Fast and Furious Datsun 240Z 'Fast X',pacefinder/fm8_cars.csv
fm8,3835,1966 Fast and Furious Chevrolet Impala Super Sport 'Fast X',pacefinder/fm8_cars.csv
fm8,3836,2022 Fast and Furious Dodge Charger SRT Hellcat Redeye Widebody 'Fast X',pacefinder/fm8_cars.csv
fm8,3837,1970 Fast and Furious Dodge Charger 'Fast X',pacefinder/fm8_cars.csv
fm8,3838,2022 Fast and Furious Flip Car 2.0 'Fast X',pacefinder/fm8_cars.csv
fm8,3846,2024 Ford Mustang GT '24,pacefinder/fm8_cars.csv
fm8,3847,2024 Ford Mustang Dark Horse,pacefinder/fm8_cars.csv
fm8,3848,2023 Toyota Camry TRD,pacefinder/fm8_cars.csv
fm8,3862,2022 Hyundai Elantra N,pacefinder/fm8_cars.csv
fm8,3866,2023 Cadillac #01 Cadillac Racing V-Series.R,pacefinder/fm8_cars.csv
fm8,3867,2023 Cadillac #2 Cadillac Racing V-Series.R,pacefinder/fm8_cars.csv
fm8,3868,2024 Ford Mustang RTR #88,pacefinder/fm8_cars.csv
fm8,3870,2024 Ford Mustang RTR #25,pacefinder/fm8_cars.csv
fm8,3874,2023 Lamborghini SC63,pacefinder/fm8_cars.csv
fm8,3876,2023 Porsche Penske 963,pacefinder/fm8_cars.csv
fm8,3886,1996 Mitsubishi Lancer Evolution III GSR,pacefinder/fm8_cars.csv
fm8,3888,1976 BMW 3.0 CSL #1,pacefinder/fm8_cars.csv
fm8,3891,2023 Lamborghini Revuelto,pacefinder/fm8_cars.csv
fm8,3906,2018 Lotus Evora GT430,pacefinder/fm8_cars.csv
fm8,3913,2023 BMW Team RLL M Hybrid V8 #25,pacefinder/fm8_cars.csv
fm8,3915,1997 Toyota Mark II Tourer V JXZ100,pacefinder/fm8_cars.csv
fm8,3916,2024 Ford Mustang RTR #130,pacefinder/fm8_cars.csv
fm8,3919,2023 BMW M4 GT3 #96,pacefinder/fm8_cars.csv
fm8,3921,2024 Nissan Z NISMO,pacefinder/fm8_cars.csv
fm8,3928,2021 Hyundai i20N,pacefinder/fm8_cars.csv
fm8,3951,2023 Porsche 911 GT3 R,pacefinder/fm8_cars.csv
fm8,3953,2023 Porsche 911 Turbo S,pacefinder/fm8_cars.csv
fm8,3972,1969 Chevrolet Camaro Jordan Luka 3,pacefinder/fm8_cars.csv
fm8,3993,2024 Toyota NASCAR Next Gen Camry XSE,pacefinder/fm8_cars.csv
fm8,3994,2024 Chevrolet NASCAR Next Gen Camaro ZL1,pacefinder/fm8_cars.csv
fm8,3995,2024 Ford NASCAR Next Gen Mustang Dark Horse,pacefinder/fm8_cars.csv
fm8,4026,2024 Ford Mustang GT3,pacefinder/fm8_cars.csv
fm8,4208,2015 Honda Indy '25,pacefinder/fm8_cars.csv
fm8,4209,2015 Chevy Indy '25,pacefinder/fm8_cars.csv
fm8,9007,1994 Ford Supervan 3 'Donut Media Edition',pacefinder/fm8_cars.csv
